1,T2027106Z,37.6
1,S9063330I,37.3
0,T1011295H,38.0
1,F1924639Q,37.7
1,G1410506U,36.2
1,T0078684E,37.5
0,T2024675H,37.8
0,F1310435L,37.9
1,T2026594I,37.3
0,S7502376F,36.7
1,S5571004Z,37.0
1,T2120595H,36.1
1,T1083449Z,37.3
1,S9106563J,36.7
0,T2070489F,36.8
0,T0113552Z,37.1
1,F4681910K,37.7
0,S9670491G,37.5
1,S0831109I,37.8
0,G5567966P,36.7
1,S1372908E,37.6
0,S7915341I,36.3
0,F7152020W,37.1
0,F9803235P,36.0
1,T0074661D,37.3
1,F3012291R,37.9
0,S2694314J,37.8
1,G2408771U,36.4
0,F6108871R,36.4
0,F5393618X,38.0
1,G9610728P,37.3
1,T1090121I,36.1
1,G3712767K,36.5
0,T2121062E,36.4
0,T1190446G,36.3
0,F0188694X,37.0
1,T0146201F,37.2
1,T1139552Z,36.1
0,G6252925M,36.8
0,T0106388Z,36.1
0,S3022721B,36.3
0,G6872461U,37.5
0,G9495254U,36.4
1,S8581559H,37.0
1,F1962262L,36.8
0,G2963192K,36.5
1,S3227206A,36.8
1,S0615319D,37.0
1,T2042692F,36.0
0,T1146187E,37.9
0,G6543132R,37.6
0,G1479851W,37.1
1,F6580723T,37.9
0,S7975266E,36.3
0,F8301058N,37.7
1,S8799707C,37.7
0,F3682435L,37.0
0,T0083769E,37.7
1,G4905759T,37.4
1,G8822835U,37.0
0,T2095267I,37.1
1,F3873102P,36.2
1,F6721824T,36.6
1,G4990091X,36.7
1,T2160901C,36.9
0,T0184369I,36.9
1,G9267882L,36.6
1,G5569208N,37.7
0,F4913768X,36.2
0,T1006941F,37.9
1,T1120893B,36.6
0,S1735534A,37.8
1,G2534616P,37.9
0,T2122787J,37.7
1,T1086418F,37.9
1,G0230669R,36.9
0,G7813071R,37.9
1,T0042532Z,37.4
1,S7785042B,37.0
0,F4822589Q,37.4
1,F8979115N,37.2
1,G2034110Q,37.5
0,G0624185U,37.6
0,S2888409E,37.4
1,S8650341G,37.6
1,F5783632Q,37.4
1,T1182192H,36.8
0,F0960108L,36.4
1,F3390752N,37.1
0,G1967342K,36.8
0,F4183800X,36.7
1,S3237401H,36.5
0,S9224051G,37.7
0,F5352183P,37.4
0,T1026774I,37.3
1,G5985229U,37.3
1,F2846869P,37.7
0,T1084419C,36.6
0,F6043321Q,37.6
1,F6884931N,37.9
0,T2091539J,37.0
1,T0165342C,37.8
0,T1054672I,36.0
1,S1762509H,37.8
1,F1653875L,36.0
0,G6132389U,36.9
0,T1095323E,36.0
1,S8694800A,37.6
0,F5501614M,37.4
1,F3708183M,37.5
1,F2454989P,37.5
1,F6760880K,37.9
1,F8796260K,36.6
0,G2187664W,37.9
0,T2050157Z,37.8
0,S9133413E,36.5
1,S6370272B,37.9
0,T0150575J,37.1
0,S2677587F,37.3
0,T1122158J,37.0
1,S0116704I,37.8
1,T1126110H,36.1
0,G4327359X,37.2
0,S2862438G,36.4
1,T0119857B,36.1
1,F7175537K,37.7
1,T0018228A,36.5
1,F3343050R,36.2
0,T1091374H,38.0
1,G3219633X,36.1
1,F9029842U,37.3
1,T2090763J,36.8
0,G8283902W,37.1
1,F5842615Q,37.3
0,T1111936J,37.1
1,F3559871P,37.8
0,S3347664G,37.7
1,G4869878Q,36.7
0,S9017087B,36.7
0,S5116426A,36.7
0,T1062122D,37.6
1,F0770176N,37.9
0,T1020231J,37.1
0,F8961164N,37.5
1,S4956479A,36.4
1,F2689961M,37.5
1,T1133670A,36.5
1,S2127741Z,37.8
0,S6017927A,36.3
0,F8547779W,36.5
1,S6061686H,36.9
1,F2270126Q,37.9
0,T2030704H,36.6
0,G0538148R,37.6
0,F0251342X,37.5
0,G6206104U,36.6
1,G8976296X,37.1
1,G1459215Q,37.7
1,F0848043P,36.9
0,F7496338L,37.7
1,F5156629R,37.0
1,T1172977J,36.6
1,T2055933J,37.1
1,S7838594D,37.2
1,S4100480J,36.8
1,F2496058R,36.3
0,G1357130U,36.6
0,S8677450Z,37.5
1,S1141994A,37.8
1,S5998308C,36.5
0,F1337535Q,36.6
1,F1505166M,36.7
0,S3157652J,37.6
0,G4290345X,36.9
0,F9524856W,36.1
1,S0098972Z,38.0
0,G0174269T,36.6
0,S9168182Z,36.1
1,F9426130U,36.2
1,F6781485K,37.3
1,G9118705K,36.7
1,S1531740Z,36.2
1,S0979168Z,37.4
0,F1920877W,37.5
1,F8401220M,37.4
1,F9987948M,36.3
1,F4036014W,36.5
1,G8675049W,36.5
1,S0697555J,36.7
0,F3986997R,37.7
0,F5038672N,37.0
0,T0042032H,36.4
1,S2485153B,37.4
1,S5659877D,37.8
0,S5437217E,37.9
0,T0144348H,36.3
0,S7413163H,36.3
0,T0166870F,36.5
0,G2154412N,38.0
1,S5494490Z,36.1
1,S2330606I,38.0
1,S0961725F,36.8
1,T2000931D,37.2
0,F1557972L,36.6
0,S0068634D,37.8
1,F4996315R,36.2
1,F6335319K,37.6
1,G4747253U,36.4
1,S2217317J,36.3
0,G7772451Q,38.0
0,G1791730R,37.6
0,S7415343G,37.0
1,S5341898H,37.3
1,G9146786X,36.6
1,T0025255G,37.4
1,G1518708P,37.6
1,S7010426A,36.7
0,T2176698D,37.4
0,G8814858N,36.0
0,G8150378T,37.8
1,F2114577R,37.7
1,F5695988L,37.0
1,G7183070P,37.7
0,F7486791W,36.9
1,S9268963H,36.2
0,S9436100A,37.7
1,T0021367E,37.6
1,G1387974P,36.7
1,T1157726A,36.1
0,F5966778P,36.9
0,S3953505Z,36.0
1,S1352493I,36.8
1,G0371324P,37.2
1,T0110202H,37.8
1,S4969252H,36.7
1,F0284729U,36.5
1,S3195813Z,37.1
1,F5830552U,36.4
1,T2079659F,36.1
0,T1148257J,37.2
1,G7818023N,37.3
0,G2738737M,37.3
0,G0380248P,36.8
0,F3423426N,37.6
1,S6165075Z,36.3
0,G5173983M,36.9
1,S5969791I,36.2
1,G1371435P,37.5
0,S5885840D,37.7
1,T2021213F,36.8
0,G9301298N,37.9
1,F7601279L,37.0
1,T0095515I,37.7
1,F0118857R,36.9
0,F0841752X,36.2
0,G0786242M,36.5
1,F3376491W,36.9
1,S9526772F,37.5
0,F7139009T,37.3
1,S2579423J,36.4
1,G7322607N,37.3
0,F8442863U,36.9
1,F1481137X,37.5
0,S6966410E,36.1
0,G9637412R,37.4
1,F8186304X,37.4
1,G1767073P,36.2
0,T0003409F,36.7
1,S0339121C,36.7
1,T1122646I,36.3
1,S7262815B,36.3
0,F6738416N,37.8
1,G7506904U,37.8
1,G3491581N,37.4
1,F9211159T,37.2
1,F3745837Q,36.2
0,T1151637H,36.6
0,T0021883I,37.9
0,F2339932Q,37.2
1,G7581904T,36.9
0,S3855432H,36.2
1,T2077546G,36.9
0,T0142401G,36.3
1,F3301694T,37.0
1,S5931498Z,37.5
1,S4459932E,36.1
0,F9246977T,36.9
1,F8203014W,36.3
0,F2281022R,36.9
1,S0151917D,36.8
0,F8357594T,36.8
1,G9632467R,36.4
0,F2097590M,37.7
0,G4731987X,36.5
0,S0621652H,36.4
1,S3298136D,36.7
0,S5972595E,37.7
0,T2070029G,37.9
1,T1195541Z,37.8
1,G9845380Q,36.7
0,S9745783B,36.9
0,F2048561L,36.1
0,F8796145K,36.2
0,S4064531D,37.3
0,F1806446N,37.3
1,S8422270D,36.0
1,T2086864C,36.4
0,G7917506N,37.4
0,G5960690P,36.8
0,S2278259B,37.9
0,S3688473H,37.4
1,T2084182F,36.1
0,F7870069Q,37.2
1,G3673273M,36.7
0,F2257044R,37.7
1,T1160257F,37.0
1,S1652085C,36.1
1,F4609396T,37.0
1,T1164585B,36.6
0,S0995965C,36.8
1,F3497387M,37.3
0,G4985265R,37.5
1,T0095248F,36.2
1,S6922387G,37.9
0,G2655928Q,36.2
1,S1178311B,36.4
0,S2413623Z,36.6
1,T0019734C,37.7
0,T1069974F,36.1
1,T1123336H,36.1
1,G3260482W,37.5
0,S3045524Z,37.3
0,S8670974J,36.8
0,F2448980U,36.2
0,F6742847K,36.8
1,S9672321J,37.4
1,F7008879R,37.8
1,S6575983G,37.1
1,G0636412T,36.5
0,F6933039T,37.8
1,T2006360B,37.8
1,F0902959K,36.9
1,G5226132P,37.1
1,G1330025U,37.8
0,F9861712N,37.1
0,F4614125M,36.8
1,F3117829X,37.8
1,F4588186P,37.3
0,G0673776P,37.6
1,G1884798K,37.0
0,F7961331L,36.1
0,G6641900L,37.5
1,S7082999A,36.2
1,T0131812H,36.5
1,T2161662A,36.0
0,G9290015X,36.7
1,G4456655U,37.6
0,F8141223P,37.4
1,F1249680W,38.0
1,G9166136P,36.8
1,S9027930J,36.3
1,F2308799P,36.2
0,S5271545H,37.4
1,T1105479Z,36.3
1,S1785774F,37.1
1,S5031550I,37.2
1,T1015252F,36.9
1,G2350375K,38.0
0,T2189460E,36.4
1,G8285528U,36.8
0,T1129889C,37.3
1,T2088908Z,36.2
0,F9677796P,36.0
1,G2358537P,37.2
0,T1028609C,37.1
0,G9747072M,36.2
0,S5588103J,37.7
0,F3165796L,36.9
0,S3208534B,36.3
0,S0838236J,37.1
1,T1037864H,37.5
0,T1143402I,36.5
0,S6895108I,36.1
1,F9428169P,37.9
0,F6991943W,37.7
0,T2035710Z,37.0
1,G9148990L,37.7
0,T0156039E,37.0
1,G0971683K,37.9
1,S8613101C,37.8
1,T1096839I,36.3
0,G3905199X,36.8
1,S7005923A,36.1
1,T2016882Z,36.3
0,T0188677J,37.9
1,T0151290J,37.9
0,G6850274T,37.4
0,T1191818B,37.6
1,F2384556M,36.2
0,F3877309R,36.7
0,S4193993A,36.9
1,G4288503R,37.1
1,G5703277N,36.9
0,S0269675D,36.9
0,F3962512K,37.0
0,G9487910T,37.0
1,G4770386R,37.1
1,T0025285I,38.0
1,F6314136N,36.2
0,T1008444Z,36.5
0,S0996320J,37.7
1,S1764844F,36.2
1,S8927874J,36.5
1,F5764143Q,36.6
1,T0099277A,36.6
1,T0060551D,37.2
0,S7609629E,37.1
0,S0201390H,37.0
0,G5385032N,37.9
0,S5123725J,38.0
0,G9423511K,36.3
0,S4598997F,36.1
1,S1129623H,37.2
0,G9819639X,37.9
0,T1091527I,36.5
1,F4200699T,37.2
0,T1084506H,37.8
0,G5794472L,36.5
1,F5335303R,36.5
0,T2110112E,37.5
1,F4393195N,37.6
0,F2751234T,36.4
0,T2060382H,36.0
0,S7986219C,36.2
1,T1099787I,37.0
1,G7032981Q,36.0
1,T2047664H,36.2
0,T0032020Z,37.0
1,S1910466D,37.2
1,G6956780X,36.3
0,S7796862H,37.8
0,F8907314Q,38.0
0,T2186220G,36.0
0,F8816226U,37.5
0,G4113927R,37.1
0,T1095481I,36.7
0,S7883597D,36.9
1,S0959191E,36.9
0,F6658399Q,38.0
1,T2041452I,37.2
0,G7279863P,37.4
1,G9445323L,36.3
0,T2199718H,36.0
1,S2672439B,36.2
1,T0002558E,37.1
0,G6524833Q,36.8
0,S9952395F,37.5
0,S6472898I,36.1
0,F7882005P,36.7
1,S6091438I,36.7
0,S8433547I,36.5
0,F3199784N,37.8
1,G7332245Q,37.6
0,G7192463R,37.0
0,F2865055T,37.8
1,G0619082X,37.9
0,F3471256P,36.4
1,F6767412W,36.1
1,S7605640D,36.1
0,S6583033G,36.3
0,G1369891X,37.5
1,F3375532P,37.3
0,F3393072X,37.6
1,T0146408F,37.0
1,S0674575Z,37.3
0,G6101563U,36.3
1,T0023451F,36.3
0,T2064041C,37.6
1,F9395366P,36.4
1,T1143960H,36.8
0,G8008639M,37.2
0,G8483154U,37.2
1,S0332146J,36.1
1,S8319208I,36.1
1,F3301210K,36.1
1,F8481989K,36.8
0,S8383053J,36.2
0,S1425195B,37.1
0,F8248372K,37.9
1,S7776365A,37.2
0,T0065895B,37.4
1,G1461224Q,36.7
0,S7123088J,37.2
1,G0919678K,37.2
1,S3812318A,36.5
1,G0205065W,36.1
1,T2009252A,37.5
0,F3646831U,36.2
1,G5540377P,37.1
1,S3253439B,37.0
1,S6679150E,36.4
1,F1414267M,36.3
0,F2875250N,37.4
1,T2104080J,37.6
1,F0567389P,37.5
1,T2041868J,37.3
0,G8518224L,36.4
0,G4468090N,37.6
0,S6087136A,37.9
0,F7286448N,37.9
1,F1744586M,37.0
1,T2026290G,36.2
1,S4578483E,37.8
1,F0485710X,36.6
0,G7377518M,37.9
1,F5105994T,37.7
0,T1086756H,36.6
1,F6239524U,36.4
0,G3010304K,37.1
0,T1013734I,37.8
1,F4626276W,36.3
0,S0914343B,37.9
1,S6395098Z,36.1
1,T2055996I,36.5
0,G0515310R,37.4
0,S5053948B,36.3
1,G8295494P,37.0
1,S9751482H,37.9
1,G1075566L,37.6
0,F9882987M,37.0
0,T2106087I,36.0
1,G5646206Q,36.5
0,S0904708E,37.9
1,G7589473L,37.1
1,S0696223H,36.4
0,T0104376E,37.3
0,S4133644G,36.5
1,S0551286G,36.7
1,T0026012F,37.6
0,G7912024M,37.5
1,G9938816K,37.6
1,S3637779H,36.4
1,F0068060P,37.0
1,S1809796F,37.5
0,F2761643R,38.0
0,T1023793I,37.6
0,F7619162W,36.8
0,F8090549K,37.9
1,F4516423M,37.7
1,F4294860T,37.2
1,F2546435N,36.1
0,S0928067G,36.9
0,T2027125F,37.7
0,S0606142G,38.0
1,G4854433U,37.1
0,F4181537W,37.7
0,G5394147T,37.8
1,S5986205G,36.1
0,T2174089F,36.5
0,F3824302X,36.3
1,G0747777P,37.9
1,G5326073W,37.0
0,S0568450A,37.4
0,T1147208G,37.6
1,F2308973N,36.4
1,G2049935N,36.2
1,F4805976R,36.6
0,F4335170L,37.3
0,S3891335B,36.7
0,F0219539U,37.1
1,F6261222M,36.7
1,S1245185G,37.6
1,T2011403G,36.5
1,S8065895H,37.3
1,F3481705R,37.2
0,G5891450U,36.8
0,G5129242K,37.1
1,S2170887I,36.6
1,G2524801P,37.7
0,T0051940E,37.6
1,T0123667I,37.4
1,T2014991D,37.6
1,G7054341U,36.9
0,S7731360E,36.4
0,T0110129C,37.0
0,S5421686F,37.6
1,F7855464U,36.5
0,S2839023H,38.0
0,G9929665T,36.5
0,T0064675Z,37.3
0,F0388255K,36.5
1,G3710451P,37.1
1,G3117352M,37.8
1,G1548351L,36.4
1,S9465221I,36.5
1,T2162865D,37.0
1,S1928507C,37.0
1,F1283840U,36.1
1,T2161367C,37.7
1,G8496328M,36.7
1,G9282907M,36.5
0,S2732414B,37.0
0,F9766779U,37.3
1,F1626774X,37.4
1,S2406893E,37.3
1,S1128698D,36.5
1,S2780050E,37.5
0,G9479681N,36.5
1,G3576499L,37.2
0,F7011012K,36.6
0,T0150995J,37.0
0,T2141273B,37.4
0,G8635944T,36.6
0,S4257009E,36.8
1,G2634950T,36.6
0,T1160629F,37.3
1,F0542157T,36.9
0,F6816546Q,36.8
1,S4434709A,37.7
1,G9693830Q,37.9
0,G4957627R,36.3
0,S3421844G,36.3
0,T2037316D,36.9
1,F2548525N,37.5
0,G8485277P,36.2
0,S4077742C,37.1
1,F5107437T,36.1
0,G5928192P,37.8
1,F0634263U,37.5
0,T0034162B,38.0
1,F6446294Q,36.3
0,F2983271N,36.2
1,S2409803F,36.8
0,G4840525T,37.8
0,T0018562J,37.3
0,S8643233A,37.7
0,T0105423F,37.5
0,G5577679L,37.4
0,S6317830F,36.5
1,T1172742E,37.5
1,G4981678L,37.6
0,T1096745G,37.6
1,F1803582X,36.6
0,F9986982T,37.2
0,G6371282P,36.5
0,S7040711F,37.3
0,G9375139Q,37.7
1,G1150492L,37.7
0,F9510450U,36.3
1,F0361310X,36.2
0,F5429097R,37.8
1,G6411965Q,38.0
0,S9924247G,37.4
1,G3868946X,36.4
0,T1175041I,37.7
0,G5881525W,36.3
0,F3467718L,37.2
1,G2546338L,36.6
0,F6803503K,36.6
1,F4076066X,37.4
1,T1019124F,36.0
0,G9002083T,36.9
0,G9216030X,37.7
1,T2169126G,37.9
0,S6311725J,36.2
0,S7184812D,36.9
0,T1129188J,37.1
1,G5160724N,36.4
1,F7203908N,36.3
0,G3816345X,36.1
1,G5367381M,36.6
1,S9748442B,36.4
0,T1103210I,37.1
0,T1044187J,37.3
0,F3600792M,37.6
1,T0072477G,37.8
1,T1175893B,37.9
0,F0159117R,37.5
0,T1182049B,37.5
1,T2020268H,36.2
1,S4298980J,36.5
0,G7716168Q,36.4
0,G7275252W,36.3
1,F4158395U,37.3
0,G9390923L,36.8
1,T2013831I,36.6
0,T2143419A,36.5
0,S1690679D,36.1
0,F6094064U,36.4
1,S3649168Z,37.8
1,G8401309U,36.8
0,S3740276A,36.8
1,S4894234B,37.6
1,T0041255D,37.8
0,F3417900W,36.9
1,T1073748F,36.3
0,T0055482J,37.3
0,S1294823I,37.8
0,G9264209R,37.4
0,F4511808T,36.5
1,F5559902P,37.2
1,G8784825Q,37.2
1,G3855685K,36.5
0,T1197211Z,37.0
1,S9035234B,37.6
0,F8749629P,36.7
0,T0108470D,37.2
0,G6370997L,37.6
1,S7638196H,36.4
1,F7926387R,37.9
0,S6955410E,36.6
0,G4278757N,36.5
0,F6576999U,36.8
0,G8937853L,37.8
0,S2290364J,37.4
0,S0452637F,37.3
1,G9565551M,36.2
1,G2444013M,36.3
0,F4321375W,36.6
1,S3543992G,36.4
1,T2034125D,37.5
1,S6830492Z,36.4
1,G6545630M,36.5
0,F1076881X,37.1
0,G3204908R,37.8
0,S5845659D,37.8
0,S7508835C,37.8
1,S2644559J,36.5
1,S3765566Z,36.5
0,T2119673H,36.9
0,S7431676Z,37.5
0,G8831276R,37.4
0,T2199650E,37.8
1,G6783470N,36.5
0,F0068387Q,37.5
0,F8114676N,37.6
0,G7754144Q,36.7
1,G7017537K,37.7
0,G8234946N,37.1
1,G8568695W,36.4
1,S9531289F,36.3
0,G2204129X,38.0
1,F4003829U,36.3
0,G2987446T,37.2
1,S1920699H,36.0
0,T1001658D,37.3
1,T1083695F,37.0
1,F3575305L,37.4
1,F0639199X,37.1
1,G9731634K,37.5
1,G3839581P,36.1
0,F9247220P,37.2
0,F3834975U,37.7
1,G2661679N,36.4
0,G8444519M,37.6
1,G5697633R,36.5
0,T0123606G,37.7
1,G1197997K,36.4
1,F8376415P,37.5
0,F2753234U,37.4
0,G6436769L,37.3
1,G7056259Q,37.7
0,S3131097J,36.4
1,S8885708I,37.1
1,T1173917B,37.4
1,S3845191Z,37.2
0,S2363331J,36.7
0,T1049391I,38.0
1,S5013465B,37.1
1,S4358047G,36.4
1,F3678538K,36.4
1,T2126018E,36.3
1,F3720196X,37.5
1,T0038885H,37.1
0,T0126555E,37.3
0,S0164929I,36.1
1,F5001097W,37.4
1,F3554098U,37.2
1,T1195316F,37.5
1,F3127774N,36.6
1,F7506031U,37.4
0,G2281140K,37.8
1,G3360340K,37.5
0,G8565088L,36.2
0,F8826653Q,36.9
1,F4107399M,36.6
0,G0288886Q,36.0
1,G0704009K,37.2
1,T0007925A,37.4
0,T0185982Z,37.0
0,F2442050R,37.3
0,T0090832J,37.1
1,S5263604C,37.4
1,F7479161K,37.5
0,G9641419Q,36.1
1,T0192301C,37.7
1,F2565771M,37.5
1,S9768742J,36.0
1,G5483809M,37.9
0,T1072564Z,36.1
0,F3060585M,36.8
0,F0853818L,37.7
0,S6552556I,37.7
0,T0178852C,37.3
1,G8874735Q,36.6
1,G3146575M,37.5
1,G0906528T,37.4
0,G9533242X,37.8
1,G8071565W,36.7
0,G4306765Q,37.7
1,S2091364I,37.6
1,F9504518U,36.6
0,G0700621R,37.8
0,G1222251M,37.5
0,T2052768D,37.6
1,G3429202R,36.4
0,S2263371F,37.2
1,S8395453A,36.0
1,F7623023N,36.1
1,S6411681I,37.0
1,G9082358L,37.0
1,T2138190Z,36.1
1,G7906475X,37.7
0,T1182416A,36.2
0,G5755930Q,36.3
0,F0090169P,37.9
0,G2496375Q,36.7
1,S2640300F,36.8
0,F9838093X,37.4
0,S0503032C,36.8
1,T2183636B,36.1
1,F3147222U,37.4
0,S0863743A,37.2
0,S8717967B,36.7
1,F5446671N,36.3
0,T0157862F,37.3
0,G7407569W,36.5
0,G6905543P,36.4
0,F9853146R,36.3
1,G0001619P,37.5
0,S9089436F,36.8
0,S6599723A,37.4
1,S2809322E,36.2
1,S5313695H,36.0
1,S6940701C,36.0
1,F2853223R,37.7
1,S0818681B,36.6
0,F7021925P,37.6
0,G1143417R,36.9
1,T0043528G,37.3
1,S5236073J,38.0
0,F0945411W,36.6
1,F7456123M,37.5
1,S4926478Z,36.5
0,F3262373P,37.0
0,S7592132B,37.1
1,S1168205G,37.0
0,S1277516D,36.8
0,F9337129K,37.7
1,T0138176H,36.9
0,S0792274D,37.3
1,F6436438M,37.1
0,G1662369P,36.1
0,G4778636M,37.1
1,T0047362F,36.1
0,S1868906E,36.8
0,T2041729C,37.4
1,G7453568L,36.2
1,S9204093C,36.2
0,T0080048A,37.1
1,S9791877E,36.6
1,F1517744Q,36.0
0,S8765032D,36.7
1,T0193040J,36.8
1,S5036675H,37.4
1,G9665100R,36.6
0,S8177235E,36.6
1,F8332924Q,37.7
1,T1044331H,37.4
1,T1135830F,37.7
1,F3520980T,36.8
0,S9046243A,38.0
1,G4255386R,37.8
0,T2132401I,36.7
0,F9621191X,36.9
0,G1106845Q,37.8
0,G1404062P,36.6
0,F6122882U,36.6
1,G6184212T,36.2
1,T0095278H,37.8
0,S8475048D,37.2
0,S4767414Z,37.0
0,F1333905T,36.5
0,S9359403G,37.7
0,F3802250N,37.4
0,G5923536L,37.9
1,F7777330N,36.1
1,F5436943M,36.1
0,G2991157Q,37.8
0,S9829332I,36.9
0,G8609734Q,36.1
1,S9335033B,36.6
1,S6013226G,36.6
1,T2152207D,36.9
0,F9911096K,37.4
0,G3272457N,37.7
1,T2092798D,36.9
1,G4712550L,37.6
0,T2018784J,37.0
0,G0036233Q,37.9
1,G0702319R,38.0
1,F7518701R,36.2
0,G5354347L,36.7
0,G8931329P,37.6
0,S3485648F,36.8
1,F5693430T,37.1
1,T1004847H,37.8
0,T1192548J,36.6
1,T0086732B,36.4
1,F3454659L,37.3
1,G1456552M,37.3
0,F0269747P,36.8
1,F7014884Q,36.0
0,S9312402B,36.4
1,T2100665C,36.5
1,F3889040U,37.0
0,S7312183C,37.7
0,G4755425W,37.8
1,T1032208A,36.4
1,T2107118H,36.7
1,T1102611G,37.6
1,T2058012G,37.9
0,T2093040C,36.4
0,S8453784E,37.3
0,T1055198F,37.3
1,S3188264H,36.4
1,S4065319H,37.7
0,S1906865Z,36.8
0,T2060271F,36.3
0,T2084196F,36.4
0,T1081623H,36.8
1,S8609620Z,36.4
1,S8211942F,37.2
1,S3910193I,37.7
1,T1144235H,37.0
1,F0266114N,36.1
0,S6618266E,36.3
1,T2032654I,36.0
0,G3468658X,37.0
0,G2478770L,37.8
1,S5265184J,36.8
1,F8923544T,37.3
1,T0123088C,37.3
1,G2534638Q,37.7
0,F1334808K,37.9
0,G8615680Q,37.1
0,G0341389Q,37.9
0,F6936574N,36.9
1,T1049963A,37.7
0,S7889177G,36.7
0,F5045272R,37.1
1,G3384998L,36.8
0,G3771670R,36.2
0,T1113554D,36.2
0,S2713524B,37.4
0,G1149261N,37.3
1,F8184844X,36.5
1,T2028143Z,36.5
0,S7999773J,37.4
0,T2015096C,37.7
1,T0138635B,36.9
0,F3029295L,36.4
0,S3330591E,37.1
0,F9985574Q,36.6
1,F5311652M,36.3
1,S6154451H,37.1
1,S5283862B,36.2
0,T2086037E,36.3
1,F6272686P,37.9
0,G6280708M,37.2
0,F8490331X,36.5
0,S6058210F,37.0
0,G6995996L,37.3
1,S1452141J,36.9
1,G9904928Q,37.8
0,T2189293I,36.4
1,T0136691B,37.1
1,G5183524R,37.9
1,T0025341C,36.6
1,G0347473U,37.4
0,G0909470U,36.1
1,S8634930B,36.7
1,T0012081B,36.2
1,F8208991T,37.7
0,F1284403N,36.1
1,T2022406A,36.2
1,G5755160R,37.4
0,G9861013T,37.7
1,F9596315M,36.6
0,S9181838H,37.7
0,F8252970P,37.9
0,S1669668D,37.4
1,T2133265H,36.8
1,F6507578N,36.2
0,F6103318K,36.0
1,T2183993J,37.1
0,F8765466N,37.5
0,T0042972D,36.3
0,S0527417F,36.2
0,F6543871L,37.1
1,T0143176E,37.7
1,G0421019X,36.7
1,S2589331Z,36.8
1,F8281450R,36.8
1,G6081878U,37.7
0,S6530567D,36.7
1,G3438927Q,37.5
1,T1167191H,36.2
1,F1095095M,37.8
1,G8165862P,36.5
0,T1046276B,37.0
1,F6808710N,38.0
1,S2689579J,38.0
0,S2618863F,36.3
1,S2272858Z,36.4
1,F6031058X,36.6
1,F9252376N,36.7
1,F2921013Q,36.7
1,G1504066K,37.2
1,G3219097U,36.0
1,G6959265K,37.6
0,F0186193W,36.4
0,S4022873Z,37.3
0,T2031328E,37.7
0,S0359292H,37.7
1,F2365740Q,36.8
0,S7794607A,36.9
1,S1607388A,36.8
1,T0027741Z,36.6
1,T1028595Z,37.4
1,T1070913Z,36.6
0,T0163408I,36.6
1,F9861652R,37.2
0,G8903882X,36.8
0,G9550151Q,37.6
0,G7193800W,37.9
0,S5003672C,36.2
1,G3438081M,37.5
0,S7579430D,37.5
0,S7365839Z,36.9
1,F1499531P,36.2
0,T2061244D,36.3
1,S1760593C,37.7
1,F8383973L,37.9
1,F5162442N,36.9
1,F3846062P,36.7
0,T1176681A,36.9
0,F3682790N,37.7
1,T1154766D,36.3
0,F1120822M,36.6
0,S0932255H,36.5
1,F6828218R,37.3
1,F9125098P,37.7
0,T0070160B,37.4
0,G0032763T,37.1
1,S6994159A,38.0
0,S6127854J,37.4
0,S7971767C,36.4
0,S4156261G,37.7
0,G7400931W,36.4
0,T0173199H,36.5
1,T0056845G,37.9
1,F5881286L,36.3
1,G1048119T,37.1
1,S9815145A,37.1
0,G0951923T,37.8
0,G6285640T,36.3
1,G5179854Q,36.5
0,G4126948X,37.1
0,T0169090F,37.3
1,T0189284C,36.1
0,S3484843B,36.7
0,F6200219X,37.3
1,S3719177I,36.0
0,T1152930E,36.5
1,S3194861D,36.4
0,G0062686N,37.1
0,F4360088P,37.4
0,G3498725N,37.5
0,G7711891T,36.8
1,T1099616C,37.6
1,F1191719N,36.8
1,T0000158I,37.7
0,S6572639D,36.0
0,G6789074N,38.0
1,T2159518G,37.9
1,G5100104N,37.5
1,F0955209W,37.5
1,G7216210L,36.4
0,T2120100F,37.8
0,F4721491L,37.0
0,T2024347C,37.6
1,T2167165G,37.8
0,T1064260D,37.3
0,S2520433F,36.3
1,S4569357J,37.0
0,G7453672R,36.7
1,S3204573A,36.3
0,G9051975K,36.7
0,G8405454L,37.3
0,T1006425B,37.9
0,G1594238W,37.7
1,F7372208W,37.6
1,F2983666M,37.0
1,G2826024P,36.0
0,F7114748R,36.5
0,S4672630H,37.7
0,T0156110C,36.7
0,T2191861Z,37.5
0,F3886573X,37.6
0,G6949359U,36.3
0,F5664275R,37.8
0,S8985098C,37.6
0,S3671052G,36.3
1,G3424299L,36.9
0,S6069524E,37.7
1,T1101283C,37.6
1,G3999035X,36.5
1,F9678068X,36.7
0,S2684754J,37.8
0,S8956878A,36.8
1,S4891020C,37.8
1,F3223475P,36.6
1,F9698526Q,37.0
1,S9739683C,36.8
1,T0111343G,37.2
1,G7881844K,37.5
1,G2908094K,37.5
0,G5576782M,36.7
1,T1160421H,37.2
1,S2395745J,36.9
0,G1548216T,36.7
0,S5086799D,36.4
0,T2168964E,36.3
0,T2040870G,36.1
1,T1130333A,36.1
1,T1168476I,37.9
1,S1204908J,36.6
1,T0115217C,37.2
0,T0065866I,36.2
0,G6835426U,36.3
0,G4990363N,37.6
0,T1081388C,37.5
0,S3708038A,36.3
1,T2160172A,36.1
0,S1001057H,36.2
1,G7917432R,36.8
1,G3941072U,36.9
0,G7416339N,36.6
1,G6767458T,36.9
0,F9354125K,37.0
0,F2270638K,36.6
1,S2682264E,36.7
1,S0652359E,37.8
0,G6706110K,36.4
1,S0513871Z,36.4
0,G6529751P,36.3
1,F6896553P,37.8
1,S3671132I,36.7
0,T2185621E,36.9
1,F1390742X,36.3
0,T0062952I,36.8
1,F7216730U,36.7
0,G9355064K,36.9
0,G4830954L,36.4
1,F5220380P,36.3
1,F0379536P,37.0
1,S7980452E,38.0
0,T0026785F,37.0
0,S5618622J,37.5
0,F8651971L,37.9
1,G0100439P,36.3
1,F4478430X,37.4
0,G0356200W,37.9
1,S1908859F,37.1
1,G9676134K,36.2
1,T0068977G,37.8
0,F0215978M,37.5
0,F4407938X,37.6
0,F3349656R,37.6
0,S1758873G,37.4
0,S8166407B,36.7
0,S0507564E,37.3
0,F1147917X,37.8
1,F8177694Q,37.6
1,G0880478T,36.9
1,G0972116U,37.9
1,G3860978P,36.7
0,G3565461P,36.7
1,S5690508A,37.7
0,S1741366Z,37.9
1,G1977694T,37.0
1,G9021460T,37.0
0,F7093342W,36.2
0,S3050313I,37.7
0,G2387538K,36.2
1,T2190365E,37.5
0,S8447249B,37.5
1,S1302307G,37.2
1,T2106042I,36.7
0,F2706072L,37.0
0,G9487797X,36.2
0,S2095148F,36.6
0,F8626458R,36.1
0,G6951465X,37.6
0,G9299232L,37.2
1,S8570940B,37.1
1,F3731165X,36.9
1,F7831132X,37.8
0,S3055815D,36.4
0,G1176222X,37.0
1,S0332156H,38.0
1,T2074117A,37.1
0,F8632683M,37.4
0,S3984648I,37.9
0,S2444627A,36.2
1,F7958277T,37.9
0,T0020887F,36.8
0,T1150884G,36.5
0,F0378885R,36.1
0,T2084998C,37.3
0,S1523867D,37.8
0,G9046374T,36.6
1,G0076505T,36.3
1,F5167903L,37.1
0,S1663627D,36.6
1,F7289875M,36.9
1,G7842472U,37.7
0,G3018932U,37.5
0,G2570368P,36.9
1,G7666082N,37.4
0,F5161262X,37.3
0,S0186793H,36.1
1,G6830927K,36.4
0,T1160925B,37.5
0,S8395934G,36.7
1,F9050633K,37.1
0,F9988903U,37.4
0,S3135337H,36.2
1,S4035474C,37.3
0,F0214755Q,36.1
1,G1579414M,37.6
1,G7073791N,36.7
0,G3883571T,36.5
0,T2019704H,37.1
1,G7789688X,37.7
0,G9244153U,36.0
0,S0981400J,36.5
1,T1072273Z,37.7
1,F1851480W,36.6
0,F6551067R,37.6
1,G7494307K,36.2
0,G5915875U,37.4
0,T1197355H,38.0
1,F5852455R,37.0
1,S4096992F,37.4
1,S0708726H,36.6
0,F8821248R,37.8
1,F2946961W,38.0
1,G6978611K,36.4
1,S6107641G,37.6
0,S3407307D,36.4
1,G3032212Q,37.7
0,T1108018I,36.6
1,T1148842J,36.6
1,G2628301U,36.3
1,S1801157C,37.4
0,F3701843X,37.6
0,T1159911G,37.9
1,F5048428U,36.6
1,G3539637M,36.1
1,F7462313K,36.7
0,F6150864M,37.2
0,T2152109D,36.5
1,T0154587F,37.1
0,F5271681X,37.8
1,T1166993Z,37.5
0,T2039925B,36.5
0,S5830727J,37.1
0,G6922577L,36.7
0,T2103580G,37.9
0,T0125038H,36.8
0,S7284754G,36.7
0,T1179586B,37.2
0,T2160572G,36.6
0,G1278711K,36.0
1,S4235118J,36.6
1,G3481846X,36.5
0,S6611179B,36.7
1,S2940571I,37.3
0,F0349987K,36.9
0,T1186908D,36.2
1,T2096483I,36.5
0,T2000099F,37.2
0,G3540388N,36.9
1,T2023616G,37.7
1,T1189688Z,37.9
0,T0083146H,36.2
0,T1050584D,36.7
1,S6969521C,37.4
1,S6286777I,36.6
0,T0036104F,36.5
0,T0085548J,37.1
0,F2172922K,37.2
1,S3894029E,37.2
1,G1328981Q,37.2
0,S0322894J,37.9
1,G9200900U,37.0
1,F4649388P,36.5
1,S9142217D,37.7
1,S9626922F,37.2
1,F0232900W,36.7
0,S0622162I,37.7
1,G7979001W,37.2
1,S6544509C,36.4
1,F8922450X,37.2
1,G6785802Q,36.9
1,G6743301R,37.0
0,T1122446F,36.6
0,G1974861T,37.4
0,G9734594P,37.2
0,F2684645P,36.7
0,T0163500Z,36.4
0,F5482936K,36.1
0,G5336547R,38.0
0,G1672904M,36.9
1,F6282341X,37.0
1,F4187121X,37.8
0,F6250746L,37.2
1,F4573488U,36.8
1,F9472959U,36.5
1,G4843984P,36.1
1,S6268503D,36.0
0,T2163738F,36.3
1,S0893219J,37.4
0,T0081640Z,37.2
1,T2102249G,37.9
1,F2732093R,37.6
0,G4420374W,36.7
0,F2769585W,36.1
0,S0265078I,36.4
1,G6850751X,36.5
0,S1644624F,37.1
1,T2009928C,36.3
0,F3738273Q,37.8
1,G4327637U,37.8
1,G3832138L,37.4
1,T1131659Z,36.7
1,G3723378K,37.4
0,T0051104H,37.5
1,G0266744N,37.3
0,S8505444I,36.1
1,T0173769D,37.9
0,G3291441K,36.7
1,S4610036J,36.1
0,G3663576L,37.1
1,F3349457L,36.1
1,G0726982W,37.7
1,S8914420E,37.3
0,S6403196A,37.1
1,F4686779M,37.5
0,T1035049B,36.9
1,G1200613Q,37.4
1,G2706012U,37.8
1,S5720681J,37.9
0,G2112691T,37.6
1,G8143593Q,37.6
1,F8365535Q,36.4
1,G9550030R,36.8
1,T2169450I,37.5
1,G1179559P,36.2
1,G9057544U,37.2
0,T1083981E,37.0
0,G5002962W,36.1
1,S1637232C,37.7
0,S2735761Z,37.1
0,S8140736C,36.5
1,S8578613Z,36.9
1,G6829306P,36.6
1,S5117266C,38.0
0,S0645984F,36.1
1,G5280616W,37.9
1,T0190430B,36.0
0,S8130636B,36.9
0,G7088561K,36.9
1,T0139977B,37.6
0,F5358418R,37.6
1,T2019215A,37.1
0,T0024456B,37.8
1,S7552025E,36.2
1,F1845987Q,36.6
0,T2113076A,36.2
1,F9341195K,37.9
1,F6011422Q,37.2
1,S1257844Z,36.8
0,F9209340U,37.3
0,G2681226R,36.6
0,G1409791X,37.6
1,F8503933N,36.3
1,G6446074U,37.9
0,F5936755L,37.3
1,T2173603A,37.9
1,G4716281P,36.5
0,F2235720N,37.7
0,F5539923U,36.3
0,T1030944A,37.2
1,T0157611I,36.0
0,S9952704H,36.8
1,G9405495T,37.8
0,F8140965W,36.1
0,F2654250L,36.6
0,G6293788L,37.0
1,G7632744X,36.8
0,T2043645Z,36.8
0,T0133707F,38.0
0,G5904150U,37.0
1,S5582449E,37.5
1,S9558293A,37.2
1,T1134109H,37.5
0,S8943632Z,37.3
0,G0607383L,37.3
0,T2056173D,37.0
1,S8990257F,36.9
0,T1045672Z,36.0
0,S9256199B,37.3
1,S1732819J,37.5
1,S8492528D,36.7
0,T1099233H,37.1
1,F5291410T,37.3
1,G0771455Q,36.4
0,G2134480W,36.3
0,F2834791W,37.3
0,T0182448A,37.5
0,G5202624P,37.7
1,S6592642C,36.9
0,T0189379C,37.1
1,F3573144W,37.8
0,T1095861Z,37.6
0,G6741981L,37.1
1,T2159313C,37.1
1,T2107445D,36.0
0,S7610161B,37.9
0,T1150467A,37.1
1,G0956439W,36.9
0,F7393947W,36.6
1,T2149293J,36.2
0,S0710173B,37.5
0,F7533287N,36.8
1,G3501127R,36.8
1,F7766063K,37.3
0,T0024585B,37.0
0,G9909840Q,36.5
0,T1088626J,36.2
1,G6512363X,37.8
0,T0193232B,37.9
0,T1147176E,36.8
1,F0244093T,38.0
1,S8929896B,36.1
1,G1668165L,36.9
1,F4519309T,36.2
0,S1878635D,37.3
0,G9356852N,37.2
0,T2028478A,37.3
0,S9024136B,38.0
0,G7829283X,37.5
0,S9832739H,36.4
0,G0518320X,37.3
1,S0224870J,37.8
1,F6674047K,36.2
1,G6522695L,37.2
1,F8041847R,36.3
1,S8096402A,37.0
0,S2224534A,37.8
0,F8349593Q,37.0
0,S4500801J,36.5
0,S9109621H,37.6
1,G3061802P,37.7
1,F1875079K,36.6
0,G9028656X,36.3
0,G9191429T,37.7
1,G7201520R,36.4
0,G1105924N,36.3
1,G5952861X,36.7
0,G0075220R,37.7
1,G2666543N,36.3
0,T0116514C,37.3
1,G0167019X,36.8
0,G9946092W,36.9
1,S2664674Z,36.9
1,G8912256L,36.5
1,G7903628P,37.3
0,S7882031D,37.4
0,F3798765N,36.8
1,G3963510X,37.7
1,S1704105C,37.4
0,S9123551Z,37.2
1,G0048015X,37.8
0,S3225021A,37.1
1,F5662315U,37.2
0,S6520075I,37.5
1,F2317844M,36.1
0,S7769470F,37.6
0,F1390866N,37.0
0,F9678202X,37.3
1,S4462244J,36.3
1,G3192076X,38.0
0,F2367472Q,37.8
0,S3768239Z,37.2
1,T1123876I,36.8
1,T0055272J,37.5
1,F6525108Q,37.6
0,F6760557T,36.9
0,F5468719L,36.7
1,F2107350N,37.9
0,S5607915G,37.8
0,S0352054D,37.3
0,S1932274B,36.6
0,S5008962B,38.0
1,T2055448G,37.9
1,T2081266D,37.1
0,G8925230W,37.5
1,G5894169R,36.4
1,T0099356E,37.1
0,G9453568U,36.9
0,G5662771P,36.8
1,F6104850L,36.3
1,S8818889F,36.1
1,F0015396Q,36.0
0,F5813240M,37.8
1,T0065999A,36.9
0,F0454753P,37.2
1,G4433952T,36.4
1,T0133158B,37.7
1,S6461409F,36.1
1,F0376958P,36.5
1,F1266251M,36.4
1,G4414791L,36.5
1,G6012881L,36.1
0,T0127401E,37.8
0,T0041684C,36.6
0,G5728934K,38.0
1,F6930829P,36.6
1,G6851523T,37.1
0,G1828877W,37.6
1,T0043306C,36.8
1,F7563451W,36.1
0,T2172502A,36.4
0,G8325380X,37.6
0,T2050337H,37.7
1,G0735700K,36.1
1,T0172725G,36.1
0,G4340111N,36.2
1,F4452811T,36.7
0,T1152163J,36.9
1,G2797100T,37.4
0,T0025788E,37.8
1,T2057492E,36.7
1,F7050897N,36.5
0,G9794093L,36.5
1,F7604113W,36.9
1,S8152584F,36.0
1,G4492886T,36.1
0,T1010237E,36.9
0,T0189268A,36.6
1,S3535888I,36.8
0,S0183877F,37.4
0,F1868133K,37.8
0,F6076098P,36.2
0,G5449886K,36.2
1,T0027002D,36.9
1,G7555133U,37.5
1,S6013550I,37.1
1,T1182379C,37.5
1,G5712292R,36.6
1,F0138321M,36.7
1,T2018217B,37.3
1,S4652791G,37.1
0,F9386205T,37.0
0,G4462851K,37.7
0,G2932280P,37.0
1,T1026218F,36.2
1,T2198666F,36.2
0,G1390894W,36.5
0,G0465023U,37.8
0,G3255653K,37.3
1,T1101216G,37.3
0,F6014944P,36.5
0,G4023188U,36.6
0,T1175865G,37.6
1,G4065359R,36.9
1,G0617461L,36.7
1,G7096178N,37.9
0,F1665371M,36.7
0,S4489620F,37.0
0,T2082835H,37.7
1,S8204901J,37.5
0,S7964309B,37.5
0,T1169040H,36.6
0,S3990108J,37.9
1,G7110969X,36.2
1,F6055145Q,36.1
1,T0088108B,37.0
0,T0078672A,36.6
1,F3504789K,36.9
0,F2384147U,37.3
0,G2582538K,37.7
0,T2088040F,37.3
1,F9364151P,36.1
0,T2171745B,37.7
1,T1106882J,36.8
1,S4742851C,37.7
0,F8466815W,36.1
0,T1121290E,37.4
1,S1838770J,36.7
1,G0397204Q,36.8
0,G3168262L,36.2
1,F7167726P,37.6
0,F4251919R,37.6
1,G5869688U,37.2
1,S7060618F,36.2
1,G3727014T,37.1
1,T0102227Z,36.5
0,G1310224N,36.5
1,T2121523F,36.7
1,G7254316P,37.3
0,S9755325D,36.1
0,T0131672I,36.8
0,G5114504Q,36.1
0,G4494046U,36.5
1,T2126136Z,36.0
0,G4551553L,36.5
1,S5216895C,37.4
0,G0341679T,38.0
1,G6899466R,37.3
0,T0054736J,36.9
0,G9599567P,36.9
1,F2433389L,37.5
0,F8442949W,37.9
0,T0061270G,37.6
0,G9079163W,37.8
1,S8768271D,36.8
1,T1038352H,37.5
0,F9327975K,37.4
1,F3608552P,37.6
0,T2100688B,37.1
1,G2997854U,36.2
0,F6145382L,37.7
1,T2086006E,36.2
0,S9267762A,36.8
1,F3495915M,37.7
1,F9387130T,37.9
1,T1138901E,37.9
1,T0060197G,36.7
1,S3858489H,38.0
0,G8495193P,37.2
0,S6498884J,37.1
1,G3002844U,37.4
0,F0698621T,37.6
0,F0892079Q,36.2
0,S7260738D,36.7
0,F8063479W,37.5
0,F4288500L,36.2
0,G9421771R,37.3
0,T2110377B,36.9
1,G4239275T,37.1
0,T0140187D,36.1
0,G8637870K,37.0
1,T0178988J,36.9
1,G5675902Q,37.7
1,G2206178W,37.5
0,S6882175D,36.0
0,T2079606E,36.5
0,G9329629W,36.5
0,G8263208P,37.8
1,F9810812L,37.0
0,G4628468L,36.0
0,F6050067M,36.8
0,S9485442C,37.9
0,S0830394J,37.1
0,S7811444D,37.0
0,T0089184C,37.7
0,F4383414L,36.6
0,S2667909E,36.6
0,T1078410G,37.6
0,S0637495F,37.4
1,F9486929M,36.5
0,F9991792W,37.0
1,S6825189C,36.1
1,T2187070F,36.9
0,S0656403H,37.6
0,G5010486U,36.1
0,G1286582K,36.7
0,G0757818X,36.3
0,G5827615N,37.2
1,G2524022R,36.7
0,F8245526N,36.7
0,T1069962B,37.6
1,T0087897I,36.3
0,S8114997F,37.5
0,S3857377B,36.1
1,S1633948B,36.2
1,S1923738I,36.4
1,S3313332D,36.2
1,G9394771K,37.6
0,G3896340Q,36.1
0,G8781728T,37.2
0,S4380033G,36.8
1,F9744047Q,37.1
1,G3051394X,37.6
1,G2526672L,37.3
0,G5453804U,37.5
0,F9046010L,37.4
0,F1890663P,36.1
1,S8688038E,37.7
0,S5433515F,37.9
1,G8553509U,37.6
1,G5235647N,36.3
1,T2141141H,37.6
1,T2051165F,36.3
0,G8071679Q,37.0
1,S6036416H,36.2
1,G0451245Q,37.5
1,T2020065J,37.6
0,T2179582H,36.4
0,G9509398K,36.1
0,G4885489M,37.3
1,F9758774N,36.3
1,S4512793A,36.1
0,G8895458X,36.4
1,F1578395T,37.2
1,G4980187N,37.3
0,F1119299T,37.5
1,S1628658C,37.9
1,F8192252R,36.2
1,S0946377A,36.7
1,G6791843Q,36.5
0,F5629862L,37.1
0,F0953497X,36.9
0,S3721467A,36.6
0,G3516235Q,37.0
0,G4744626X,36.4
0,T2092743G,38.0
0,S5841185Z,37.5
1,S5753638A,37.1
0,F5196565P,37.5
0,T0084100E,37.6
1,F4041720Q,37.2
1,T0138258F,36.8
1,T1094582H,37.7
0,F0642881U,37.8
1,S7197259C,37.3
0,F8891407N,36.5
1,S0658902B,36.8
1,S5298456D,36.4
0,F6557682K,36.7
0,F7474201R,36.3
0,F9182487Q,36.9
0,F0571055M,37.1
0,S0499589I,37.8
1,S7522172Z,36.9
0,S8865180D,36.2
1,G6841743X,36.9
0,F8400980Q,36.8
1,F2771712T,37.2
1,G8670101N,37.6
1,S5164593F,37.1
1,F6805010M,37.8
1,S8612541B,37.1
0,T2082688F,36.1
1,F5059928X,36.6
0,G7392054W,36.1
1,S9706574H,37.7
1,T0121344Z,37.1
1,S8635164A,36.0
1,F9174862L,36.1
0,G4628330U,36.9
0,F5459607M,36.1
0,S5592082F,36.2
0,G5665922Q,37.1
0,G4144609U,36.7
1,S9587872E,37.6
0,G4284132M,36.3
1,T1069185J,36.7
0,S2433615H,37.1
1,S3888968J,36.6
0,S7257081B,37.2
0,S5286514Z,36.6
1,F2628077W,36.5
1,F8921411N,36.1
1,S9109778H,36.2
1,F9630043M,37.8
0,S3434524D,36.9
1,F9693682Q,37.1
1,S0926825A,37.6
1,G3421244U,37.8
1,T2105332E,37.9
0,F1444321P,37.2
0,T1061663H,37.2
0,G9200578W,36.8
1,S9125888I,37.2
0,G5871134U,36.5
0,F4971580M,36.2
1,S8701020A,36.4
1,F2849033W,36.1
1,G7295753U,36.1
1,G2520912P,36.5
1,F8701345Q,37.3
1,F4428152W,36.8
0,G7021474K,36.6
1,G1864180K,37.3
0,T1080092G,37.6
0,S5680286Z,37.1
1,T0127201B,36.4
1,G3109817M,37.6
0,T0176041F,38.0
1,F8517428L,37.7
0,G9272279K,37.6
1,S0707812I,36.6
1,T0019899D,37.6
1,F5464958N,37.9
0,T1032959J,36.6
0,F9614921L,37.6
0,F6254179L,36.3
0,F9804730K,37.1
0,G0896606X,36.2
1,T1013184G,36.9
1,S3088026I,36.4
1,G9063227L,36.7
0,G0841047W,36.9
0,S8045858D,37.3
1,G6452830X,37.4
0,F1404212K,36.3
0,S9620556B,37.2
1,F5392956R,36.8
1,T2005534J,37.1
1,S1037481B,36.8
0,S9447268G,36.1
0,G7824528W,37.2
0,S3784851D,37.7
1,T1098393B,37.5
1,T1070764A,37.5
1,T2025405Z,37.3
1,S2876877Z,36.6
1,T2187656I,37.6
1,T1049871F,37.0
1,G6001804U,37.3
1,S8417107G,37.8
1,F5083444K,37.8
0,T0006587J,37.9
0,T1063060F,37.5
1,G1452511N,37.5
1,G4329490M,36.5
0,F0262444M,36.1
0,T1169677E,37.3
0,S7220502B,36.4
1,F1325195U,37.1
0,S1311676H,37.3
1,F8989176X,37.2
1,T0144155H,36.1
0,T2198232F,37.0
0,F5532944M,37.4
1,G0487953T,37.1
1,F0146327Q,36.4
1,G7813687K,37.0
0,F9735583P,37.4
1,S8337103Z,36.4
1,T1180260E,37.2
0,F9252560X,37.7
0,T0028937Z,36.4
0,S9956922J,36.6
0,T0122076D,38.0
1,T0114980F,37.5
0,T2060159J,37.7
1,T1076716D,36.6
1,S7781477I,37.5
0,T2045104A,37.3
1,G7989322Q,36.0
1,T2124845B,37.7
0,F0291891U,37.7
1,G7561143U,36.5
0,F9930347Q,36.5
0,G5127820T,36.9
1,T1052128I,37.7
1,G0590144T,36.9
0,S5823951H,37.4
0,G3535549U,36.4
1,F2208564Q,36.2
1,G7620300T,36.9
1,T1185420F,36.1
0,S1718394Z,37.1
0,G4137418R,37.9
1,F5756216K,36.1
1,F8923190Q,37.4
0,S8697364B,37.5
1,T0193401E,37.9
1,G8901925R,37.8
1,G0588694P,36.8
0,S2792505G,37.0
0,G9559807L,37.7
1,G1819012P,37.4
0,S2757340A,36.7
0,G7898297R,36.8
1,G7817880U,37.4
0,T0100475A,38.0
1,T1004289E,37.2
1,G5856590M,37.3
1,S1522351J,37.8
1,G1370368W,37.8
0,S3567572H,36.7
0,T0177228G,36.1
1,S0463984G,37.4
1,G4815170K,37.5
1,S8241322G,37.6
0,F0976955L,36.9
0,S1533966G,37.3
0,F0399883P,36.2
1,G4041144P,36.4
0,F7515812L,36.6
1,S9253373E,36.3
0,T2098675A,37.3
0,S3567676G,37.7
1,T1041093B,37.7
0,G2349886M,36.3
1,F1956876T,37.0
1,G0869833M,37.9
1,T1139503A,37.7
0,G2428029L,36.4
0,S0427575F,36.8
1,G3027142N,36.6
1,T1157095Z,37.0
0,F2309020K,36.0
1,G6313525U,36.4
0,G4531034P,37.3
0,S1851365Z,36.2
1,G3065540X,37.2
1,G4174187L,37.4
0,F9135568W,37.0
1,G0304035Q,36.6
0,G5062195L,37.0
0,F0710214M,36.1
1,S7452050B,36.8
0,T0018462D,36.5
0,S6396304F,37.2
0,G0715216R,36.3
0,T2009226B,37.7
1,F6397977P,36.7
1,G9179988W,37.7
0,G2578288R,36.4
0,S5488888J,37.3
0,S1570320B,36.8
0,F7322712R,36.0
0,S8285058I,36.9
0,T1143626I,36.7
1,S0919640D,36.4
1,T1009397Z,36.5
0,F6755650W,37.7
0,F5082341P,38.0
0,T1055549C,37.1
0,G9045468N,36.2
1,G6521641T,37.8
0,T0160996C,37.5
0,G0680431N,37.5
0,T2035817C,37.3
1,S8364804Z,36.7
0,G4435744P,37.4
0,F3269528X,36.9
0,S1596085Z,36.6
0,G7202074W,36.5
0,S2503245D,38.0
1,G7008109K,36.7
1,S6432925A,36.7
0,G8382151P,37.1
1,S7733824A,37.0
0,G8272443P,37.0
1,T1176332D,37.7
0,F3017729X,36.1
0,F5675675L,37.8
0,F1591674P,37.2
1,F9331433Q,36.3
1,T1111394Z,36.2
1,T0072704J,36.7
1,F9774911Q,37.2
1,T1047976B,37.3
0,G5456924Q,36.1
0,S6454933B,36.9
1,G9368508M,36.0
0,G2835323P,36.4
1,G2159523M,36.2
0,S3354425A,36.7
0,F0359476U,37.6
0,T0045912G,37.8
1,F8281634T,37.3
1,T1090702J,37.8
0,F9840657M,36.1
1,S2552591D,36.8
0,G7704046M,37.9
1,S7537987J,37.5
0,T2068345G,36.4
0,T2039129D,36.6
0,G8311879L,37.9
1,F0072996P,37.7
0,T0082838F,36.1
1,T0091975F,37.1
0,G7683655T,37.0
0,G0793812T,37.9
0,S0692064J,36.3
0,F9234537T,37.6
1,S6013399I,37.2
1,F5610014T,37.8
1,F4958283T,36.9
0,S0563425C,36.1
1,G9846854N,37.2
1,T2103362F,37.3
0,T2094729B,37.7
1,F0118263M,37.8
1,F9417857Q,36.4
1,G4063326W,37.4
1,F8054448X,37.3
0,G4065106M,36.4
0,S1042294I,37.6
0,S5475442F,37.7
1,S5157841D,36.7
1,F8190570M,37.8
1,S2622914F,36.4
0,G5887750Q,37.2
0,F1529389Q,37.7
0,G7586700W,37.5
1,F1064527K,37.7
0,S2260842H,36.5
1,F4702514K,36.0
1,F5086126X,37.2
1,S4279963G,37.5
0,F1513325L,37.9
1,F7340404P,36.4
0,F8880475U,37.3
1,T0088604A,37.0
0,G0234845N,37.3
1,F9466628R,37.8
1,G6208169N,36.0
1,T0197375D,37.7
1,F1004046U,37.4
0,F2739380L,36.4
0,S3001357C,36.9
1,F8364211N,36.5
1,T0098431J,37.6
1,S2700412A,37.2
0,G1039425L,36.2
1,G3863671P,36.3
1,G8632683M,37.6
1,S0187845Z,37.3
1,S6948932Z,37.5
1,T0123886H,36.4
1,F7441480W,37.2
1,G0829371Q,37.3
1,T1008006A,38.0
0,F7459799T,36.6
0,F7834670K,36.3
0,T1106570H,36.6
0,F5951233K,37.4
0,F8226465P,36.4
0,F1827245T,37.9
1,G7223818N,37.4
0,T0142848I,37.5
1,F7646458T,37.8
1,T2120466H,37.8
1,F5509084W,36.5
1,S5016357A,37.8
0,G2119249W,37.4
0,T2127964A,36.9
1,S3941121J,37.3
0,F7697124L,36.2
0,F5775887L,37.1
0,G0544930T,37.5
0,G8360607W,37.9
0,F1395711T,36.3
0,S3843416J,37.4
0,G5817716N,37.9
1,S9698168F,37.3
1,S6810306A,37.1
1,S5872121B,37.5
0,F8653025L,37.0
0,T1152502D,37.3
0,T2107932D,36.3
0,T0158631I,36.2
1,T2002854H,37.6
1,T0058897J,36.5
1,T0155141H,36.5
0,F5729640L,37.8
1,F3211402N,36.0
1,T0179027G,37.2
1,F2383611N,37.6
0,G0526379N,37.0
0,S5169112A,37.6
0,G6080252K,37.8
0,S4855290J,36.6
0,G0649531K,37.4
1,F3189905L,36.5
0,T1137111F,37.6
1,T1096122Z,37.0
0,T1135469F,36.6
1,G6867973R,37.5
0,F5708516U,36.5
1,T1120981E,36.9
1,F3284409W,37.4
1,T2167804Z,37.6
0,S8760420I,36.6
1,T1085430Z,37.3
1,F7912836T,36.4
0,G9987924Q,37.2
1,F2554428P,37.8
1,F5667211R,36.2
0,T1089108F,37.8
0,F7970033U,36.2
0,T1120814B,38.0
0,S5551383Z,37.1
1,F0077141N,36.5
0,G1473568L,37.8
0,G4577600W,36.6
0,G7647003X,36.5
1,T0164540D,36.5
0,S2008437E,38.0
0,G3151207R,36.8
1,F1185040P,37.6
0,G4060119T,37.3
1,G2069132T,36.5
0,F6182344K,37.4
1,T0104358G,36.4
0,G5812619P,36.7
1,T0093312J,37.3
1,F1429999T,37.7
0,F4854574L,36.2
0,S8579857Z,37.0
0,F9758740W,36.7
0,S7914743E,36.5
0,S5284265D,37.2
1,G7577616X,37.9
0,S7072490A,36.9
0,T0151840B,37.2
0,S1961871D,36.2
1,T2168579H,37.8
1,T0165501I,36.0
0,F1597784K,36.7
1,G0281698U,37.9
0,S1128158C,37.5
0,F7163867R,37.6
0,T2082300C,37.3
0,F8362173R,37.2
0,S7267406E,37.5
1,F3941854K,37.9
1,S5532827G,37.6
1,G8097360T,36.2
0,S9819184D,36.1
1,T2178788D,36.3
1,F8012566Q,37.3
0,T2096179A,37.0
1,T2062838C,36.9
0,S1993851D,36.9
1,T2004684H,36.5
1,S6722906A,36.4
1,F8726007X,36.7
0,F3738230L,37.3
0,F7085332U,37.7
1,G4821431L,36.6
0,S7809300E,37.2
1,T2108619C,37.4
1,F4417774U,37.4
0,F7496293U,36.2
0,G9563522U,37.0
1,G7562794R,37.0
1,T1028880J,36.9
0,T0124917G,36.7
1,S6687103G,36.7
1,S6656853I,38.0
1,S4195325Z,36.9
1,G8310266R,37.0
1,G4306292K,37.6
0,S9532630G,36.4
0,F9154607T,36.3
0,S3634105Z,36.9
1,T2023012F,37.6
1,G5675456M,37.9
1,F9624132K,37.2
0,F1940677Q,36.2
1,F5023142U,37.9
0,G8231993W,36.1
1,F2299997N,36.6
1,T2011131C,36.7
0,T0190022F,36.8
0,F0279582P,37.7
1,F1025036Q,36.4
1,T2060612F,37.2
0,S2541784D,37.7
1,T0060988I,37.0
0,G2006317M,36.9
1,T2031007C,36.5
1,S9654425A,36.8
1,F4959212N,36.5
0,T1096642F,37.7
0,G7009496R,37.5
0,S6196620Z,37.3
1,G0375011Q,37.8
0,S2713584F,36.5
1,S6968454H,36.4
0,G7495783T,36.5
0,T1190785G,36.7
1,T1134449F,37.4
1,G1796962P,37.4
1,F0226406N,37.1
0,G3343661X,36.3
0,G0465075K,36.8
0,S3228907Z,37.4
0,T1147241I,36.4
0,F7878203W,37.9
1,G2436275L,36.4
1,T1067836F,36.7
1,S7854742A,36.9
1,G7044190W,37.6
0,F6474466Q,36.4
1,S7433841J,37.7
0,G0672581M,36.7
1,G7224429W,36.1
1,F8952944K,36.8
1,F3129001P,36.3
0,S3748754F,36.1
0,S6863616G,36.5
0,G0004549R,36.0
0,G0325566L,37.0
0,F9282771L,37.9
1,S8242950F,36.6
1,F0886939K,36.9
0,T2086189D,36.7
0,F8134539L,37.6
0,T1054021F,36.6
1,S0577824G,36.9
0,F0702680M,36.3
1,S7862720D,37.6
0,G4071710L,37.7
0,F1827609R,37.8
1,G0152118R,37.4
1,F1437711P,36.9
0,S6833557D,37.2
1,T2090484D,36.4
1,F3056236N,37.5
0,F0741944U,36.6
0,T2181937I,36.8
1,F5417324P,36.9
0,F0656457R,36.3
1,G6168397Q,37.4
1,F3755393W,36.8
1,F6733995U,37.6
1,G4910232K,37.7
1,G5375577K,37.7
1,F6451611Q,37.0
1,S5035625F,38.0
0,G6737399P,38.0
1,G5103218R,36.5
1,T0009970H,37.7
1,F7408699M,37.4
1,S6662646F,37.6
1,G3031486R,36.6
0,F0296084L,37.0
0,F2337406N,36.2
0,F9175607L,37.4
0,T0112427G,36.1
0,T1015925C,37.2
1,T2151940E,36.3
1,T2102406F,36.4
1,G5150507R,36.2
0,S3249920A,37.1
1,S2703372E,37.6
1,S5156785D,36.4
1,T1022794A,37.6
1,G7713269N,37.4
1,F8863906P,36.1
0,G5734794P,37.0
1,F7474359P,37.2
0,G9023570L,37.6
1,S7233311Z,36.2
0,F5587931K,37.5
0,F2701995K,36.4
1,G2564360R,36.5
1,F2655234Q,36.6
0,G2192933Q,37.4
1,F6843166L,37.6
0,F6837008Q,36.5
0,T1031518B,38.0
0,T0019982F,37.7
1,T1179746F,37.2
1,G0981529P,37.3
1,F2688744P,37.1
1,G1251619M,36.1
1,T0000661J,37.3
1,G0416121K,37.7
0,T1022964B,36.5
1,S0644511Z,37.3
0,F7216197K,37.4
0,S8302476C,37.0
1,F2027727X,36.5
0,T0029141B,36.1
1,G4220436Q,36.8
1,F4398646P,37.2
1,F8131476N,37.3
1,S3797244D,37.8
1,T1146099B,37.9
1,F0032492L,36.3
1,F3401157P,36.1
0,F9028390K,36.2
1,S7019116D,37.3
1,F4773009X,36.6
0,F8812110N,37.0
0,G0941432X,37.4
0,F5011387Q,36.5
1,T2070267B,37.9
1,F9473854R,37.0
0,F0989800W,36.2
1,T0153787C,37.4
1,F9983261N,36.6
0,F1591875Q,37.4
1,F1406670P,36.8
0,F8414163K,36.0
0,T0057686G,37.7
0,T2022984E,37.0
1,F6140655R,37.8
0,F6275396W,37.3
1,S1723244D,37.4
1,G5063654L,37.0
1,S9229895G,37.9
0,G6292622T,37.5
1,F3099912Q,36.3
1,T1040860A,36.1
1,T0053610E,36.6
1,F6998499K,36.3
1,G4950563U,37.3
0,T1026457Z,36.4
1,T0027302C,36.2
1,S5126418E,37.7
0,G2681442K,36.3
1,T1007230A,37.7
0,T2121011J,37.3
1,F3992031W,36.7
1,T2014684B,36.7
0,S9993446H,36.1
1,T1090507I,36.1
0,G7455337X,38.0
0,F5390677W,37.6
1,F5832371M,37.0
1,G5534599Q,36.2
0,F5467147N,37.7
0,F6755980X,36.8
1,S6103686E,36.7
0,F6639050X,37.1
1,T0072590J,37.9
1,G5836110X,37.2
1,T2054643C,37.4
0,F5633787M,37.8
1,S9979338D,36.0
1,T0016473I,37.5
1,F1706121Q,37.8
1,S4472746C,36.2
0,G3617934K,36.4
0,T1112065B,37.7
0,G6440806L,36.6
0,G7925773R,37.3
1,S9206333Z,36.0
0,G8513004T,36.2
0,T2191995J,37.3
1,G4334369Q,36.8
0,F2602707K,37.2
0,F2118945Q,37.0
1,S8607296C,36.9
0,G7508814X,36.7
1,G2272416U,37.2
1,S5392379H,37.8
1,S4414987G,37.0
0,G1857549M,36.3
1,G1432756T,37.9
0,T2000666H,37.3
1,F8622691W,36.8
1,F5607883P,37.7
0,T0182075C,37.0
1,G1478615P,37.2
0,S2027622C,36.2
1,S6948043H,37.5
1,T2052369G,37.0
1,G2665885M,37.6
0,G5922269N,36.7
1,T1132663C,37.3
1,F9543960T,37.4
0,T2106413J,36.7
1,F8928251U,36.5
1,G2287101M,36.7
1,T1032002Z,36.7
1,S2274225F,37.8
0,G1090085U,36.5
0,G0804909L,37.4
1,F5408873Q,36.8
0,S6164877A,37.5
1,T1069794H,36.3
1,S8143963Z,37.0
1,T0045605E,37.5
1,G1705566Q,36.4
1,F7457999W,36.8
1,G5642120M,37.8
1,S9468567B,36.5
1,G2888882K,36.0
1,S5353367A,36.5
1,F5638523K,38.0
1,T1013210Z,37.2
0,T2086173H,36.0
1,G9616421K,37.3
1,T1131360D,37.2
1,F0873860L,36.2
0,G7490931X,36.7
1,F9162828R,37.7
0,T1026547I,36.3
1,T2193852A,37.9
1,S2122329H,37.5
0,T2089175J,36.3
0,S5774303D,36.7
0,T2188862A,37.4
0,T1082481H,36.9
0,F8561685N,37.4
0,F7628027N,37.3
1,F2817869R,37.5
0,S4944131B,36.2
1,F5633570Q,36.1
1,F3341443U,36.2
1,S4177725G,36.7
0,G6886563T,37.1
1,F9601372T,37.1
0,T1083763D,36.9
0,T1083645Z,36.6
0,T2157037J,37.4
1,G5615455T,36.4
0,G2681718T,37.2
1,F0568528K,37.0
1,F2268852U,37.5
1,F0503796N,36.9
1,F3988470N,36.9
1,S4483903B,36.0
0,T1128076E,37.1
1,G5648134Q,37.3
1,T2167550D,36.2
0,G4612949X,37.1
1,F7709578X,36.5
0,T2038024A,37.9
0,G3761652N,37.2
0,G0828846K,36.6
0,T2114951I,36.0
1,G1063237N,36.3
1,S6274150C,36.9
1,G7490462U,36.6
1,G6178395N,38.0
1,F9499218N,36.8
1,S6004013C,37.7
1,S6012289Z,37.0
1,G1347925U,37.3
1,F0910896M,37.1
1,G4874019R,36.3
0,T0001901A,37.5
0,S8080871B,37.2
0,G7457580M,36.1
1,S1441390A,37.5
1,T1113108E,37.5
0,S8425749D,37.5
1,G5494002P,36.3
1,T2056704Z,37.9
1,S5376571H,36.9
1,T1046884A,37.0
1,T2076406F,36.6
1,F5022751X,37.2
1,G5880142U,36.3
1,F5713116X,38.0
0,G8442403W,36.7
0,F4339383U,36.8
0,F9452449X,37.5
0,F3670760R,36.8
1,S8496078J,37.7
0,G3996111M,37.5
1,S7590857A,37.1
0,S1269033I,37.1
0,G0166238N,36.4
0,F1909697K,37.4
0,S9013171J,36.5
0,T0105718I,36.1
0,S3354923G,37.3
1,G0311119U,36.0
1,G4371045K,36.5
0,S2819226F,37.1
0,T1092794C,36.0
0,S1296683J,36.6
0,G4554502N,36.6
1,T2004168D,37.5
1,S3528843J,37.9
0,T0111773D,37.6
0,T1089594D,36.4
1,S6743132D,36.4
0,F3440036U,37.6
1,G1654954K,36.1
0,G8294715U,36.1
1,S8557822G,36.3
1,S9944468A,37.3
1,G5969752T,37.1
1,T0140105Z,37.1
1,G9042012R,36.8
1,T2056387G,36.2
0,F8132933T,36.3
0,T1079054I,37.3
0,T2138471B,37.0
1,G5891606N,37.2
0,F0713788P,37.9
1,F1345302X,36.7
0,F3907037P,36.1
1,T2137904B,37.6
1,G0055518P,37.4
0,G3330833R,36.8
1,G5918486P,36.3
1,T0028537D,37.0
1,G2601910U,36.7
1,S5116522E,36.1
0,T1139403E,37.8
1,G4443980T,36.5
0,G8822922M,37.3
0,T2165824C,37.8
1,G0136172N,37.0
1,G1492948R,37.1
0,T0006077A,36.8
0,F3735233X,37.3
1,S6224434H,36.4
1,T1077517E,36.7
0,S9952359Z,36.4
1,T1151657B,36.0
0,F0072746Q,36.5
1,T0175149B,36.9
0,F1493170T,37.8
1,F6381570P,37.6
0,F1464503U,36.6
1,F8906103L,37.6
1,S2372662I,36.3
0,F6566866K,37.7
1,G6868797R,37.7
0,F2485392Q,36.3
0,F8138913Q,37.8
1,T0044992Z,36.2
1,G7865374N,37.7
1,S2744306J,36.8
1,S3263734E,37.4
0,F3867013K,37.0
0,F4454601U,36.2
1,F5641938K,38.0
1,G6446674R,36.6
0,S6523439D,36.8
1,S1340728B,36.6
1,S0290182Z,36.3
1,T2084229F,36.8
0,G4967243T,37.2
1,G5276051T,37.6
1,F3864901U,37.8
0,S9552344G,36.8
1,F9645034Q,37.6
1,F9405239N,36.7
0,F0443268K,37.2
1,F1018204L,37.4
1,G1185349T,36.3
1,F0885119X,37.3
0,G9782864N,36.4
1,F2451069R,36.8
0,S4802844F,36.9
1,F0755229R,36.6
1,S3053905B,36.4
1,S9429527J,36.7
1,S8022289J,37.2
1,T1177206D,36.7
1,F0274806K,36.0
0,T0007561B,37.7
1,S7153026D,36.9
0,G8569052M,36.6
0,F0042605U,36.5
0,S9222689A,36.1
1,G8075317U,37.8
1,S3873759G,36.4
1,S7798806H,36.5
1,G6921858W,36.5
1,T1185644F,37.4
1,S8713872J,37.1
1,T2127268Z,37.5
1,T0077312C,36.3
1,T2025549H,36.8
1,S2552655D,36.1
1,F2494496N,37.2
1,F1677990M,37.6
0,T0070572A,37.5
1,S9663673C,36.1
1,T1087191C,37.8
0,F9710697P,37.1
0,G2194912N,37.1
1,F2976298T,36.4
1,F8555859P,38.0
0,S9670220E,36.5
1,T0080626I,36.7
0,T1085120C,37.8
0,G0159331P,37.3
1,T1146358D,37.1
0,T1040963B,37.3
1,S8520371A,36.6
0,T0023175D,37.3
0,G1546392U,37.5
0,G0819976X,37.0
0,T0120881J,38.0
0,F9660075P,38.0
1,G0682362U,38.0
1,G8625643Q,37.2
1,S8017185D,36.5
1,F5025648X,37.5
1,T1165707I,37.7
0,T2193477A,36.4
0,F9819543L,37.9
1,G1445372P,36.7
0,T1166359A,36.1
1,T2166059J,36.4
1,S8896510H,36.7
1,F1269839U,36.1
1,G9800837M,37.8
0,F8825605X,37.9
1,G0642321M,36.2
0,S2046117I,37.8
0,F3918077N,36.5
0,F4863997Q,37.4
0,F8100698U,37.9
0,S6853303A,36.6
1,G8868403Q,37.1
0,T1000942A,37.9
0,G6491368U,37.1
1,F7253756N,36.3
1,T2093899D,36.4
0,G5631991M,37.5
1,T0120523D,36.4
0,S4534648Z,37.4
0,S0476438B,37.7
0,T0092198Z,36.2
0,T0001741H,37.1
1,T0181275J,37.5
0,S9751229I,38.0
1,T1182643A,36.4
1,F1442983L,36.7
1,S8163699J,37.2
0,F3722852N,37.6
0,F2691157P,36.1
1,S7407834F,36.2
1,S5273344H,36.4
0,G5043195U,36.3
0,S4514633B,36.1
0,G5541800N,37.9
0,S4891482I,36.5
1,F0323712P,36.6
0,G8599796M,36.8
0,T0178969D,36.6
1,F7775803T,36.9
0,G3627889R,37.8
1,S9736105C,36.6
1,F7217355N,37.8
1,G2196974P,37.1
1,T1057416A,36.8
1,G6737289K,36.1
0,S7035391A,37.2
1,T1185736A,36.3
1,G0862671P,37.4
1,G4357490Q,36.1
1,S8082223E,37.5
0,G1918194N,36.7
0,T1077780A,36.7
0,G4256610K,36.8
1,G8550214W,37.9
0,F4140762W,36.3
1,T1097738Z,37.4
0,T0188581B,36.0
1,F6451698K,37.0
0,G4710659K,37.3
1,F3529690P,37.9
0,S7943985A,37.2
1,S9571156A,36.8
1,T2108096I,38.0
1,T2115406G,37.1
1,F3756507P,37.8
1,S7801661B,36.6
1,T2102433C,37.2
0,G7664485M,37.7
1,F8817219K,37.9
0,T2001791J,36.9
0,F5048578K,37.1
1,S2114346D,36.7
1,S2953212E,37.8
0,G7141629K,37.8
0,G0198599W,37.9
1,G7678107U,37.0
1,S7329403G,36.4
0,S6491418I,36.3
1,F9165781M,37.0
0,T2196513H,36.8
0,T1077463B,36.7
0,F5067789M,36.2
1,G7796298X,37.2
0,G9222074P,37.8
1,G8412485X,37.5
0,G4552194W,36.5
1,F7425403U,37.7
1,F5804834T,37.3
0,S8088897Z,36.9
0,G5931946U,37.9
1,G4514023R,36.7
1,F3624201U,36.9
1,T0115679I,37.5
1,F3030250T,36.7
1,S2247576B,36.3
0,S0990998B,36.7
0,S3450223D,37.5
1,G0145594W,36.1
0,T1059315H,36.3
0,G7094687N,36.8
1,F9084442M,36.7
0,F8756171L,37.6
1,F9741497K,36.2
0,T2176811A,37.1
1,S9382025H,36.3
0,G7193434U,37.0
0,T2139646Z,36.6
0,G6749475W,37.7
0,F4809807W,37.4
0,G6172246R,36.4
0,G7361201L,37.2
0,F8025984X,37.5
0,G8837881N,37.0
0,F8587609X,37.1
1,F7832114T,37.3
1,S7927288D,36.2
1,T1115002J,37.6
0,S0375884B,36.8
0,F2095846N,37.6
0,F6476592L,37.4
0,F5823674T,37.1
1,S1002844B,37.8
0,T1180529I,38.0
0,T0043069B,36.3
0,F5112148K,36.9
1,S5778116E,36.5
0,T1026211I,37.2
0,T2179777D,36.3
0,G3711819L,36.1
0,T2173884J,37.1
1,F0225543W,37.3
0,S7952315A,36.2
1,T0043100A,37.7
1,F0617525L,37.8
1,S3297954H,36.0
1,S0032594E,36.4
0,S2526505Z,38.0
0,S1739247F,36.2
1,G0234067N,37.2
1,G6483479R,36.5
0,F5411657T,37.6
1,S6526899Z,37.7
0,S0537484G,36.1
1,F9046540Q,36.7
0,S9494491J,37.6
1,G6600995P,37.1
0,T2052627J,37.6
1,F7378619M,37.4
0,F3007608R,37.0
0,G3483846K,36.8
1,S7089573J,37.3
1,S6333353J,37.6
0,T2006112Z,37.3
0,S6504786A,37.7
1,F4652982X,36.7
1,S4816519B,36.6
1,F3214015R,37.0
1,F2936294R,37.6
1,S8009746H,37.6
1,F5696182T,36.1
0,F4633079W,37.3
0,S3038596I,36.9
1,F5125797U,37.0
0,S9504933H,37.0
0,F7158457R,37.2
0,S1864739G,37.8
1,F3944687K,37.9
0,G0942601U,37.7
0,F7274357K,37.1
0,T0099209G,37.6
1,S1271898E,37.1
1,F8756952R,37.5
1,G7200477U,37.2
1,S7023182D,36.6
1,F6545488L,36.5
1,G8733405T,36.8
0,T1108720E,36.8
0,G6468262T,37.2
1,T2023457A,37.7
1,F4897981P,36.8
1,F4484263R,36.0
0,T1077450J,37.3
1,S4722181A,38.0
0,T2151648A,36.9
0,G0622464N,36.1
0,F4692774P,36.4
1,G9947591U,36.7
1,S4973363A,38.0
0,G0199692N,37.6
1,G6453721X,36.7
1,G2075396W,36.2
1,G3511609P,36.5
1,G0253848L,36.3
0,G7313541U,37.2
0,G0555303L,36.2
0,T2035661H,36.7
1,T1009508E,36.5
0,G5177246Q,36.0
1,F7563702X,37.0
0,S9522665E,37.9
0,G1998787Q,36.2
0,T1092216Z,36.6
1,F4983879N,36.1
0,T2003388F,36.1
0,F6257880R,36.9
0,F1583478K,37.2
1,G9106836L,36.5
1,T0052750E,36.4
1,G6943499K,37.4
0,T1111033I,36.6
1,G3431064P,36.7
1,F4216326X,37.1
1,T1136763A,37.5
1,G9035290M,37.6
1,S5853713F,37.4
1,F2216298P,36.2
1,T1092225I,36.9
1,F2294427N,36.3
1,G3124561M,37.0
1,G7482609K,36.1
0,G7929970R,36.1
0,T1150186I,36.1
1,S4308957I,36.5
1,T1089848Z,36.5
0,F1815097L,36.9
0,T0193662Z,36.9
0,F0756039R,36.3
1,S7193808E,36.6
1,G4530129W,36.7
0,G9359908W,37.5
0,T2122499E,36.2
1,T1141898H,37.5
0,S5604834J,37.4
1,F2107394Q,37.2
1,G6955751K,36.2
0,T2116203E,36.3
1,G7131516U,36.1
0,G1606515M,37.9
1,T2139080A,36.4
0,F9741513R,37.2
0,T0111091H,36.4
0,T1009766E,37.9
0,G8712366U,37.9
0,T2084682H,37.5
0,S6228022J,37.9
1,T1089181G,37.2
0,G9287056K,37.2
1,S0147305J,37.1
1,G8639891P,36.8
1,F6812818T,36.3
1,G1242034W,36.9
1,T1067681I,36.3
0,S9822651F,36.9
1,F4241704K,37.7
1,S3162766D,36.1
1,G5608401X,36.9
1,T2036093C,36.8
1,T0043936C,36.1
0,F4235152X,36.3
0,G3960602W,36.7
1,F7083785N,36.8
1,F7371256N,36.8
1,T1089483B,36.1
1,G7742199T,36.5
0,G1041981Q,37.0
1,T2152626F,36.5
0,G3259051U,37.8
1,T0121656B,36.2
1,T2064176B,37.7
0,G8962729W,37.6
0,F6002237L,37.2
0,S3103601A,36.4
1,S9823606F,37.8
0,F0591756P,37.2
0,F3094558K,36.1
0,F2058530R,37.8
0,G2273093L,37.2
0,S6127780C,37.1
0,F0231461N,36.3
1,S0498505B,37.3
0,T2187786G,37.4
0,F3919564W,37.5
1,F7970304N,36.8
1,G1993069Q,36.9
0,F2220203X,36.8
1,G9201926T,36.7
0,S5181284J,36.0
0,T1000355E,36.5
1,T2058824A,36.3
0,F1420044N,37.5
1,G7750518X,37.1
0,T2033500I,37.9
0,S2460283D,37.0
0,S7694143B,36.5
1,F0573794W,36.2
0,T1099108J,37.8
1,T0057261F,36.7
1,G7202940L,36.4
1,F0926111R,37.4
0,S4648935G,36.4
1,G8787145L,37.5
0,S9744618J,37.2
0,S6903914F,36.8
0,F6329560N,36.7
1,F3953336R,37.5
0,F7653895Q,37.3
1,G4522455N,36.6
0,G7638356K,36.5
1,T2084396I,37.2
1,S1303776J,37.3
0,T0144775J,36.9
1,G4691479K,37.5
0,G7172144L,37.9
0,S9922936E,36.6
0,S3915101D,37.0
1,G4356456X,37.9
0,S4102697I,36.3
0,T2187522H,36.5
0,F2810799N,36.9
1,T0052893E,37.9
0,G4737125L,37.8
1,S7990752I,36.0
0,G9467819Q,37.4
0,G4262796T,36.5
0,S1591940Z,37.0
0,F0323989Q,37.4
1,T0062904I,37.8
1,G5920154U,37.5
1,G1122077X,37.6
0,G4303292P,37.9
0,G1585881T,37.3
1,F3329859P,36.0
1,S5096158C,36.8
0,T1022441A,36.7
1,T1047687I,37.7
0,S2675215I,36.7
1,S4429279C,37.4
1,F9891549N,37.8
1,T1034587A,36.6
1,S3084830F,36.4
0,G0668471T,36.8
0,T1132241G,37.6
0,S2124918A,37.4
1,F4776160M,36.0
0,S4165753G,36.3
1,F3846995U,37.4
1,G6193326M,37.2
1,T1084495I,36.5
1,T0152203E,36.5
1,G9744900R,36.6
1,T0016190Z,36.3
0,F3276463X,37.7
1,S2378395I,36.5
0,T0009796I,37.2
1,T2181046J,37.4
0,S1511812A,37.9
0,S6542684F,36.9
1,T0069251D,37.0
0,S4651827F,37.9
0,F1339033U,36.5
1,F9719479M,36.3
1,F7057926W,37.1
1,T2121742E,37.3
0,T1062626I,37.8
0,G0009259L,36.6
0,G6212199T,36.7
1,S6505564C,37.9
1,F0542309X,37.0
0,T1112602B,36.8
1,T0042271A,37.9
0,F8899459X,37.3
0,T0011325E,37.5
1,T0097428E,37.3
1,F1718880K,36.3
1,T0032346B,37.0
1,F0841975L,36.3
0,S1634392G,36.1
1,T0082033D,37.1
1,S5634011D,37.6
0,F6357451K,36.7
0,F7740943L,36.8
0,G5833139L,36.1
1,S6876918C,37.5
0,T1183438H,36.4
1,T1160524I,36.1
1,S5214447G,37.6
1,T2194172G,36.8
1,G2845198U,37.4
1,F4512084T,36.2
1,G6537585X,36.5
0,T1126004G,37.5
0,F0851380P,36.9
0,G5370288X,37.4
1,T2135193H,36.2
0,S8244916G,36.1
0,F0164299P,37.7
1,S5067469Z,36.4
0,T0109971Z,37.4
1,G0310484L,36.3
1,F3343025Q,37.0
1,T1184010H,36.8
1,S0261775G,36.7
1,S7081553B,36.4
1,T0182811H,37.5
1,T0171018D,38.0
0,G6405182L,36.1
0,S2143997E,36.6
0,F5305195L,37.5
0,T0098046C,37.7
1,S6272903A,37.1
0,S7468501C,36.0
1,S3104753F,37.4
0,T2017385H,37.1
0,S8789553Z,37.8
1,T2033778H,36.9
1,S4254055B,37.5
0,S9764784D,36.8
0,S5901030A,37.6
1,G8272478T,37.7
1,S5252515B,36.2
1,F2899481T,38.0
1,T2166790J,36.8
0,S6146491C,36.1
0,G3330325N,37.3
1,S1620690C,37.9
0,S5053409Z,36.7
1,T0061312F,37.0
0,G0241758T,36.7
0,F4593831W,37.8
1,G1785446K,37.0
0,F3349993X,36.2
0,F1563598M,36.7
0,G7984799L,37.2
0,S8153297D,37.4
0,F5238122M,36.7
1,G6363925R,37.6
1,S2249704I,37.5
1,S0839037A,37.7
0,S8393067E,37.1
1,F6603653R,37.2
0,T0057769C,36.3
1,F9719080K,36.4
1,S1200008A,37.7
0,T2165376D,36.1
0,G5532553R,36.1
0,T2144090F,37.5
0,S0427502J,37.2
1,S3623185H,37.1
1,G4874977K,37.6
0,G9044431W,36.9
0,S0885564A,36.9
1,G1917687T,37.2
0,T1073798B,36.1
1,G3229324R,36.4
1,S9221105C,37.7
1,F7684861X,36.1
0,S2555994J,36.3
0,T2064941J,37.0
1,T2019609B,36.5
1,G2186118U,36.6
0,G1909142L,36.7
1,S6628193J,36.8
0,T0174571I,36.8
1,F2054793Q,36.4
0,T0008961C,36.6
1,T2123557A,38.0
0,F3276903U,36.7
0,T2116129B,37.4
1,T2144044B,37.0
0,T0195743J,37.6
0,S1461508C,37.6
1,G8112398P,36.0
0,T2057961G,37.4
0,T0000675J,38.0
0,G0854360R,36.8
1,G8248035T,36.3
1,F9903503W,37.1
1,G4091090P,37.9
0,S1515004A,36.5
1,T1192815C,37.1
1,F2467075U,36.6
0,F8280015T,37.7
0,G4557762R,36.9
1,T0072191C,37.2
0,T0140090H,37.5
1,F9307087U,36.6
0,S0474722D,36.7
1,T0048513F,37.0
1,F8120022W,37.9
1,T1030817H,36.5
1,G0921382K,36.0
0,G3165832L,37.5
0,G7785475N,36.8
1,G7441172W,36.2
0,S0405062B,36.2
1,S2824609I,37.8
0,T2171907B,36.9
1,T0028108E,37.3
0,F9691049P,37.8
1,F9761838X,37.7
1,F7641475X,36.0
1,S6004637I,37.5
0,F8615247U,37.9
0,T2036981G,37.6
0,F2311855Q,37.4
0,T1058512J,37.7
1,G3499261N,36.1
1,G5208675L,37.3
1,G0949682M,36.9
1,G2180995X,37.3
1,S8741126E,37.1
0,T0085779C,36.9
0,F4149187Q,37.7
1,G9819122N,37.5
1,S0639750F,37.9
0,S4900679I,36.9
0,T2147217D,37.4
0,F3403102U,36.9
1,T1104228G,36.2
0,G8388739R,36.5
0,F5737940P,38.0
1,T1144595J,36.6
0,T0100731I,36.3
1,T1196398F,37.1
1,S9656010I,36.2
0,F4844297T,37.7
0,S2453480D,37.1
1,F5479750T,37.8
0,G3126056Q,37.0
1,G5209500W,36.3
0,S2956206G,36.7
1,F7454687X,36.9
0,T1065977I,37.9
0,F5254680W,37.1
0,S5827933A,36.7
0,T1092609B,37.2
1,F6584669K,37.3
0,T1144129G,37.3
0,F5093793M,37.2
1,S2393458B,37.5
0,G3610774W,36.7
1,G9928576K,37.3
1,F1078508K,36.1
0,S1099304J,37.8
1,G6224554U,36.3
1,S1428548B,36.9
0,T1062327H,36.0
1,S6800997I,36.8
1,F9340862N,36.2
1,F8673283K,36.9
1,T2159033I,36.6
0,F9703037P,37.2
1,T0063744J,37.6
1,S1337779J,38.0
0,T0057412J,36.1
1,S0536136B,37.9
0,S6045061G,36.4
1,T1146077A,36.9
0,G8108220X,37.2
0,F3663889M,37.8
1,S6095565D,36.1
0,F5868767R,37.6
0,F6284931L,36.9
1,S6276297G,37.7
0,S5250686G,37.4
1,G5548106R,36.9
0,T0110301F,36.5
0,T1153154G,37.0
1,S4159770D,36.3
0,G1475845M,37.8
0,G6464455Q,36.9
1,G0454988X,37.0
0,G2018376N,36.5
1,T0086049B,37.2
0,G7759860W,36.1
1,T2122039F,37.8
0,G5465596R,36.3
1,G8540620P,36.3
1,G1826583N,37.1
1,S5505807E,36.4
0,S1006420A,37.2
0,S3463834I,37.8
1,T1098617F,36.1
1,T0016260D,37.6
1,G1502438X,37.2
1,F4644339W,37.2
1,F4777521M,36.1
0,S2513630F,37.6
0,F2283298X,37.5
0,F3152461W,36.3
1,T0075318A,37.0
0,T0162437G,37.0
1,F1068242T,36.9
1,T1069999A,36.3
1,S9970625B,36.3
0,F2709407N,37.7
1,G1613695Q,36.5
0,F5492575K,37.5
1,G5702441X,37.3
0,S6886370H,36.2
0,F2379990K,36.1
0,T1168209Z,37.2
0,S6555759B,37.6
0,G9871103K,37.9
1,T2160159D,36.8
1,T0136224J,37.7
0,G0953149K,36.5
1,G7883607P,37.0
0,G9853192X,36.4
0,G5676209N,37.0
1,G8140737K,36.8
1,S4673178F,37.0
1,T1119509A,38.0
1,F1380404N,36.2
1,G5586879N,37.4
1,G2607362Q,37.5
0,T0039479C,37.6
1,G0867291K,37.7
1,G8721329M,36.1
0,F2293521Q,36.7
1,S6156723B,37.2
1,S5489211Z,36.7
0,S0480586J,38.0
0,F5500337T,38.0
1,G5376292K,36.7
1,S2675116J,36.4
1,T2156816C,37.0
1,F8420450K,37.7
0,G9600248M,37.3
1,F0640094U,37.7
0,G0598373T,37.3
0,G5923226Q,36.0
1,S9303527E,36.5
1,F9934445T,36.6
1,S0514566Z,36.6
1,F9051715P,36.4
0,F9245044U,37.4
1,F5501482P,37.9
1,S2350491Z,36.7
0,S5052612G,36.9
1,F9996476Q,36.6
0,T0185767C,36.7
0,T0138112A,36.9
1,S1623984D,36.8
1,F3142048L,37.4
0,S0232878Z,37.7
1,S0947670I,36.8
1,G3160254T,36.8
0,S7981875E,37.5
1,S6969340G,37.6
0,F3898409T,37.3
1,G1816837P,36.3
0,S2671447H,37.1
0,S0301109G,36.9
0,T2135275F,36.8
0,T0072311H,37.2
1,T0015712J,36.8
0,F0994249K,36.0
1,G6852502X,36.4
0,F3864182N,37.8
0,T2081785B,38.0
0,S2478942Z,38.0
1,G8890297K,37.8
0,G1678103R,37.8
0,T0197285E,37.4
1,T0096302Z,37.3
1,G2649325X,37.7
1,G4061102U,36.0
0,S8816348F,37.0
1,S6664899J,37.0
1,F9567323Q,36.4
1,S4856295G,36.2
0,S3096868I,37.9
0,S3973069C,36.7
1,S1871687I,36.6
0,S8675005H,36.7
0,S3434530I,37.4
0,G4011133Q,37.0
1,F7050610Q,36.4
1,T0039593E,37.4
0,S2588112E,37.5
1,F6843184X,37.6
1,T1181248A,36.8
0,T1098690G,37.7
1,T1054523D,36.0
1,F0928002L,38.0
1,T1147393H,36.0
1,G2280601R,37.5
1,G1560391R,36.6
1,G2526832Q,37.4
0,S7204302B,37.9
1,G3342271R,36.0
0,S1154851B,37.0
0,T1051723J,36.3
1,G8741957Q,36.6
1,S7590848B,37.1
0,T1172614C,36.2
0,G1833742T,38.0
0,F6712181M,37.5
0,F5231606P,36.2
1,G2675343X,36.7
0,F6876804R,37.7
0,T0124957F,37.8
0,S9799266E,36.3
1,S1045113B,36.1
0,S4413342C,37.5
1,S3511975B,36.0
0,T2177348D,37.4
1,G7401590P,37.1
1,S0712692A,37.8
1,S8180807D,36.5
1,G5987490W,36.4
1,F0292241W,37.9
1,F3275139M,36.3
0,G2502382W,36.7
0,T1133047I,37.3
1,F6496095N,37.4
1,F1307596N,36.4
1,S9547664C,36.3
1,T0116172E,37.5
1,F5074315L,36.4
0,G8009457N,37.8
1,G7199415P,36.3
1,T1004243G,37.9
1,T0134944I,37.7
1,G5256180U,37.2
0,G7249448L,36.6
1,G4417961W,36.2
1,F3233356R,36.2
1,F9881005Q,36.2
0,G9563610K,36.7
0,G9449128L,36.7
0,T1057482Z,37.6
0,F7978601L,36.7
1,G8184902K,37.2
0,G0166069K,37.2
1,S7667110I,37.1
1,T0146550C,36.3
0,G4437355Q,37.9
0,F5173815L,36.2
1,F3190117X,36.0
0,G2358592T,36.9
1,F0615923X,37.7
0,S9573382D,37.6
0,F9475588M,36.8
1,T0132589B,36.9
0,S9784451H,37.4
0,G6564433U,37.5
0,G5281522M,36.2
0,G6693057L,36.4
1,G0812153L,37.4
0,T0044681E,36.0
1,F4799191U,37.1
1,G4282678L,38.0
0,F6511025M,36.9
1,G2293340W,37.2
0,F9950546W,36.2
1,T1015860E,36.2
1,T0186307Z,36.2
0,G0421780L,36.6
1,T0063465D,37.6
0,F5357218U,36.2
0,T1171208H,36.5
0,G1827600M,38.0
1,T2081775E,36.8
1,T1095365J,37.4
1,S1766166C,37.7
1,S3837904F,37.9
1,F9673261U,36.9
1,G2655584K,37.2
1,G7777742M,36.7
1,S9441221H,36.4
0,G0537493Q,36.6
1,T2170871B,36.8
1,S2082934F,36.9
1,T0038119E,37.0
1,G0053418T,37.7
1,F0586104R,37.6
1,S1695627I,36.6
1,F2488904K,37.7
0,F5424715W,36.9
0,F1419797N,36.6
1,T2064596B,37.8
1,G1191550R,37.2
1,T0051933B,36.9
0,S6080720E,37.1
0,G7709780P,36.9
1,T1127317C,36.2
1,T0072777F,36.8
0,F4189214P,36.2
0,F2789900P,37.5
0,S6901489E,37.9
0,F3748093L,37.7
0,S6315141F,38.0
1,F5811905U,37.9
0,T1112421F,37.6
1,T0005968D,36.1
1,G7431368W,36.8
1,G8957558M,36.7
1,T1196197E,37.9
0,G6561090Q,36.0
0,F1204982W,36.6
0,G7848004K,36.1
0,F0628265L,37.3
0,T0129683C,36.8
1,F8451560N,37.6
1,F6490386K,36.4
0,T0007209E,37.9
1,G3516180P,36.3
1,T1007161E,37.7
1,G0323404P,36.9
0,T0149078H,36.3
0,G3123839X,37.6
1,S1103588D,37.5
1,G2202163W,36.8
0,G3723570U,36.5
1,T1116176F,37.1
1,T0077834F,36.1
0,G3834686P,37.0
0,T0017334G,37.9
0,F8046550P,38.0
0,S0113012I,36.1
0,T1098299E,37.9
1,S1143458D,37.7
0,T0133568E,36.2
0,F8833333X,36.3
0,T2120604J,36.8
1,T1152362E,37.6
1,S2648290I,36.7
0,S5290715B,36.6
0,S8338490E,36.5
0,S8414073B,36.9
1,G4034534P,36.5
1,T0027416Z,36.7
1,G1147696K,36.7
0,T2127639A,36.2
0,S6086316D,37.4
0,T0167268A,36.4
0,S7035689I,37.3
0,G1429777N,36.0
0,T0076264D,37.8
1,S3891266F,37.4
0,G8551284Q,37.9
1,F8877465P,36.1
0,T0035964E,37.9
0,F4841109Q,37.1
0,G1574843P,37.1
0,G0803282M,37.8
0,F5261854K,37.0
1,F2757814N,36.1
0,S5056628E,36.3
0,T1188686H,36.6
1,T1024126Z,37.1
0,G7960979W,36.4
1,G6007764U,36.3
1,S1563076J,37.1
1,S9981412H,38.0
1,S4811098C,37.2
0,T1171507I,37.5
0,G5788927Q,37.3
0,F6663812W,37.0
0,T2170603E,37.5
0,F7021525W,37.8
0,G7957700Q,37.1
0,T0084458F,36.3
1,G1258111N,37.3
1,G7685217X,36.5
0,F6924074R,37.9
0,G2861808P,37.2
0,F4395552R,36.8
0,S9560520F,36.5
1,T0119029F,36.1
0,T1077061J,36.1
1,T1125044J,36.1
0,F8692795X,36.8
0,T1043849G,37.4
0,F0927699T,36.5
0,G3276032P,36.7
1,S9977568H,36.4
0,G8115709W,36.5
1,G0036291M,36.2
1,F6109541K,38.0
1,F4231259L,36.2
0,G4577241K,37.8
0,S1680239E,37.6
0,G5826937U,37.2
1,T0078221A,36.2
1,G6012095K,36.3
0,T2003183B,37.1
0,F8296134T,36.1
1,F0972425R,37.3
0,S2918322H,38.0
0,G8609638L,37.3
1,G2536805M,37.0
0,T0052881A,37.0
0,S4625132F,37.9
0,G3442484P,37.2
0,G4250869K,36.9
0,G0456444T,37.6
1,G4434028M,37.8
1,T1129780C,36.9
0,G4428837X,36.8
1,F3071508W,36.2
0,F0195377W,37.2
1,T1054301J,36.7
1,G4804724Q,37.3
0,S5695959I,36.5
0,T1063157B,38.0
0,S3680711C,36.8
0,S2307010C,36.6
0,F0704785K,36.4
1,T2012941G,37.9
1,F3712626T,37.2
1,G3753724K,36.5
0,S9138392F,36.5
1,G5450721Q,37.0
0,F6697025Q,37.3
1,G2414375U,37.4
1,T2117340A,37.9
0,S3638415H,36.3
0,G2413517U,37.0
0,G2060380K,38.0
0,F5071762M,36.2
1,F9335671M,36.7
1,G4515331L,36.1
1,S4330494A,37.8
0,G4702056P,36.5
0,G9177190W,37.7
0,F0603332Q,37.1
1,T0093770C,36.5
1,G1384525P,37.0
1,F5685051K,37.2
0,G0190716Q,38.0
1,T2097313G,37.3
0,G9032898X,37.8
0,G4357432U,37.3
0,G8294835W,36.3
0,G0209867U,37.8
0,T0002239Z,37.7
1,F6372427X,36.2
0,F8388200W,36.0
1,G3471088X,36.5
0,G5644532M,37.2
1,G8888759W,36.2
1,F0691201W,36.9
0,T2097581D,36.3
0,S2602521D,36.6
1,F1086852K,37.7
0,S9670101B,37.0
0,F6540565L,36.5
0,F8811687U,36.4
0,G3296701U,37.5
0,F6977072W,36.5
1,F1492069L,36.9
1,F4291717Q,37.7
0,G8219880Q,36.6
1,T2156723Z,36.1
0,F7638327T,36.4
0,S6215694E,36.8
0,F5547147U,37.9
1,S3217626G,36.9
0,T1081091D,37.4
0,F2660066U,37.9
0,G2550166R,36.8
0,F9903762T,36.6
1,G7722199U,37.1
1,T1019702C,37.0
0,S2734811D,37.8
1,S0146006D,36.4
1,S9698797H,37.3
1,T1052565I,37.8
0,G9388574X,37.6
1,T1133350H,36.9
0,S6608480I,36.5
0,F9796016W,36.3
1,F5570116N,36.3
1,F4415565Q,37.5
1,T1023467J,37.9
0,S6740968Z,37.3
1,T0009495A,37.2
1,F6169980P,37.0
1,G3497079M,36.5
0,F5758168U,37.7
1,F3036745Q,37.7
0,S0986345A,37.1
1,G4872556L,36.1
1,F9211386T,37.7
1,F7245802T,37.0
1,S1558930B,37.8
0,T2006632F,37.6
1,G9521266L,36.5
0,G5925608N,36.1
0,F8508725T,36.0
1,S8628681E,36.3
0,G1259926U,37.9
1,S6104117F,37.4
1,G2588124U,37.1
0,S7045261H,37.1
1,T2082845E,36.2
1,S0028428I,37.9
1,S6029098I,36.3
1,T0172432J,36.2
0,S8481554C,38.0
1,S7663999Z,36.8
0,F4099335P,36.0
1,F4109880P,37.5
0,F2684474Q,36.4
0,S0575848C,37.6
1,G3468152W,37.5
1,T0048307I,37.6
0,T0124363B,37.6
0,F6016179T,36.1
0,F2583265P,36.3
0,F7720511W,38.0
1,T2164812D,37.2
0,T0165423C,36.1
1,S9894315C,36.7
1,F0932750U,36.7
1,S7806072G,36.2
0,S0433768I,36.2
1,S7532198H,37.8
0,G3756844U,37.1
1,S3248245G,36.1
1,G1370842T,36.2
1,F9132696P,36.1
1,F0375844M,37.5
0,S1654180Z,36.6
0,G0991045W,36.1
0,T2048445D,36.4
0,G4061890L,36.9
0,G5662014K,36.1
0,G7312571P,37.5
0,T1171031Z,37.9
0,T2167583J,36.5
1,G6240067Q,36.7
0,G2143493X,37.9
0,S7286503J,37.8
0,F0067884T,37.0
0,S0472224H,37.6
0,T1115892G,36.5
0,G8025209U,37.2
1,S6741239G,36.9
0,F3534381N,37.8
0,T1012578B,37.1
1,F0680225R,37.3
0,T1149917A,37.0
0,F1772054Q,36.2
1,G9424004L,37.4
0,G7490356T,37.3
0,T1179853E,37.7
0,F8868411R,36.7
1,G5822115P,37.3
0,G5444589W,36.7
0,G2661267P,37.0
1,G7169169K,37.2
1,G3272833L,38.0
0,S5359480H,36.9
1,S9996834F,37.5
0,T1144681G,36.7
0,T2123765E,37.6
1,F2374737P,36.7
1,S7903778H,37.8
1,G8287443R,37.3
1,T0011814A,36.9
0,G1011270L,36.6
1,S1200892I,37.1
1,G2232059U,36.5
0,T1127909J,37.8
0,T0090436H,37.9
1,T0022224J,36.3
0,F0008890X,36.8
0,T1137479D,36.4
0,G6725197X,37.5
1,F7850730Q,36.8
0,S3072390B,36.3
1,S6518971B,37.2
0,S8365317E,37.0
0,F2434825M,36.2
0,G8768857R,36.4
1,S5030034Z,37.4
0,F4770692X,37.6
0,S3443678I,36.4
0,G9372985N,36.0
0,F7756248Q,37.3
1,F6935519Q,36.2
1,T2032683B,36.7
0,G9687629R,37.6
1,F2702648Q,37.5
0,F8780458P,37.8
0,G6607885W,37.2
0,S2206666H,36.3
0,F9222837K,37.5
0,T0131674E,36.8
1,T1048719F,37.4
1,T2013850E,36.5
0,G8486621X,36.9
1,G2236536M,36.9
0,S1393723J,36.0
1,G2453198T,37.2
1,F9776223Q,37.0
0,F4697143N,36.2
0,T0173942E,37.2
0,S3209477E,36.3
1,S7693882B,36.2
1,F9664322P,36.3
1,S7895111G,36.8
0,T0129265Z,36.8
1,F3569713Q,37.7
0,S7533122C,37.6
1,T1039888F,37.6
0,G9359035W,37.3
0,G4946755U,36.5
1,S3579490E,37.5
1,S6512159Z,36.4
0,S9780588A,36.9
0,G0312622Q,36.3
0,F8811903R,36.8
1,T2076912B,37.3
0,T0064164B,36.1
0,S0314170E,36.9
1,S3883537H,37.6
1,S1255720E,37.4
1,S8119736I,37.5
1,F4826167K,37.7
0,T2085122H,36.8
1,G0111587K,37.0
0,S6162374D,37.9
1,F9258168M,36.6
0,T1146218I,36.1
0,S4060150C,37.3
1,T2198523F,36.4
0,S8131214A,36.2
0,G4344567R,38.0
0,F1236053M,36.4
0,F4976921X,37.8
0,G0405844P,37.7
0,G4393170U,36.0
1,G1396033W,36.9
0,F5670472T,36.6
0,S2048994D,36.9
1,F3190429M,36.2
1,S0366686G,37.3
0,T1069317I,37.9
0,G6337805N,36.4
0,G2772922M,36.5
0,T2132815D,37.6
0,T0093966H,36.3
0,S4262004A,36.4
1,F9781378R,36.4
0,F0991085U,36.2
1,S8883796G,37.4
1,F1023630N,37.0
1,T0063377A,37.3
1,G4764881P,36.7
1,G2659872U,36.6
1,T0070056H,36.3
0,T2170268D,37.1
0,S9112262F,36.8
0,G7974411P,37.3
0,G8425218L,37.5
0,F2140561L,36.3
0,T1165055D,36.1
0,F7882053P,36.6
1,F4812195X,37.1
0,S4380698Z,37.2
1,F6184757W,37.4
0,G8853341X,36.9
0,F4473074W,37.6
0,F0435086M,36.5
1,T1099271J,36.1
0,T0001068E,37.8
0,T1112627H,36.1
1,S5288451I,37.6
1,G2261530X,36.1
1,G1301837P,36.6
0,F9834215W,36.1
0,S7428325Z,37.0
0,T2059330Z,37.3
1,T1175522D,36.9
1,S6409909D,37.6
1,F0293665T,36.4
0,T2041767F,37.4
0,T0191159G,36.5
1,G8235727X,37.8
0,T1170646J,36.1
1,T2023825I,37.9
0,F1666170T,37.9
0,G1095158P,36.2
0,S0444151F,36.1
0,T1091738G,36.6
0,S4352947A,36.7
1,F2507345L,37.3
0,F8325955T,37.8
0,F0339489K,36.9
0,S9177845I,37.7
1,G7048964M,36.2
1,F9489423U,36.8
1,S9828182G,36.0
0,T2053878C,36.7
0,F1941943Q,36.8
1,F1354803W,37.4
0,T1023087Z,37.2
0,F9112525X,36.6
1,S5512370E,37.3
1,G5951985U,36.3
0,T0104021I,37.7
1,T1078569C,36.7
1,S5238740Z,36.1
1,G4573343L,37.9
1,F8115649L,36.9
1,S8301465B,36.7
0,F4708282W,36.8
0,S3341611C,36.3
1,S9111128D,36.8
0,F1508964N,36.7
1,F6161909R,37.0
1,T0149911D,37.1
1,S1852238A,36.4
1,S9221840F,36.1
1,S0648979F,37.4
0,F8689490N,37.4
0,S2822009Z,36.9
1,F4650300R,37.0
1,T1146783J,36.3
1,F8165445W,37.3
1,F3497242R,37.4
1,F2861602M,36.5
0,F5912495K,36.0
1,S5722715Z,37.6
0,F0129721W,37.4
1,G1225429Q,36.5
0,G5611654X,36.1
0,T1024427G,37.7
0,T1024421H,37.8
1,F1312151Q,37.4
0,F8205938P,37.0
1,T2160164J,37.7
0,F9207504N,37.3
1,G1354600L,37.7
1,G0127304M,37.3
1,G5138199T,37.8
1,S4770987C,37.6
1,G5114754P,37.6
1,F0648392P,37.3
1,S1979184Z,36.7
1,T2037375Z,36.9
1,G1352144K,37.3
0,T1123110A,36.2
0,S6639366F,36.6
0,S6859373E,36.8
1,F7118897M,37.4
0,G2346448U,37.9
0,G2819762N,36.5
1,F9856498P,37.6
0,G1965862R,36.3
0,G9405244X,38.0
0,F2764631W,37.8
0,S6897938B,36.1
1,S0635419Z,37.4
1,T0039914J,37.5
0,F6292670T,37.8
1,T2136893H,36.9
0,T1177510A,37.3
0,F7255057U,36.5
0,S6242906B,36.2
0,T2069806C,37.5
0,F5041680K,37.7
0,G9212885R,36.4
0,S5383903G,38.0
0,F5783745N,37.9
1,T2105854H,36.6
1,T2069203J,36.4
1,G8984015P,36.1
1,F7887721U,37.4
1,S8376061C,37.2
1,G0239406P,36.8
0,T2104926C,37.2
1,S6507399D,37.8
1,S4722779H,36.0
0,G2854819L,36.0
0,F1213795T,36.4
0,S1353675I,37.5
1,F8856743U,37.0
0,T1176693E,36.0
0,F0471977T,37.8
1,F1601996T,37.7
1,G9553063W,37.3
0,S0162352D,36.5
0,G2319087R,36.0
0,G3974821P,36.3
1,F3457252Q,36.7
0,S1991868H,38.0
0,T1177537C,37.4
1,T2069408D,36.9
1,S1460691B,37.4
1,T0199114J,37.2
0,T0054599F,36.3
1,T0195132G,36.1
1,S9978470I,37.3
0,F6516375Q,36.5
0,S1207095J,36.8
0,S4828421C,36.9
1,S5295054F,36.9
1,S6620939C,36.4
0,T2093362C,36.9
0,G8989806N,36.1
0,T1113562E,37.1
1,S8739866H,36.4
0,F3311563Q,37.5
0,G5892176U,37.2
0,S4957051A,37.3
1,T0090962I,37.1
1,G9152215L,36.8
0,S7750507E,37.7
0,T1149518D,37.5
1,T2172166B,36.7
0,S8213747E,37.3
1,T0083933G,37.2
0,G6341715R,37.2
0,S5968957F,37.7
1,G7199275Q,36.8
1,F5333127X,37.9
1,S2779407F,36.7
1,G8824379W,36.7
1,F7713584R,36.6
0,S6897388J,37.6
1,F5124973U,37.1
1,T1059208I,36.6
0,G2756543M,37.5
1,F7900099W,37.8
1,G2088975Q,37.7
1,G7446808W,36.4
1,S6013497I,37.0
0,S9605817I,37.0
1,G1465136P,36.0
0,S3137435I,37.0
1,T1096183A,36.3
1,T2016476Z,37.1
1,T0033061B,37.8
0,T2171490I,37.6
1,T1053233G,37.0
1,G2286982P,36.9
1,T1047614C,36.7
0,F2279885P,36.6
0,G7481516L,37.2
1,F7394762Q,36.5
1,F4269175P,36.8
0,S6175311G,37.8
0,G2989218X,36.6
0,G2500252X,36.4
1,S9154523C,37.7
0,F3379168L,36.0
0,T1108541E,36.2
1,G4259970X,37.3
1,S5751344F,36.6
1,F5685800T,36.5
1,F1537615P,37.9
1,S9519439G,37.4
1,G4999849W,37.7
1,S8540848H,36.3
1,S2471439Z,37.6
1,S8603494H,37.1
1,G3077959L,36.8
1,S7164004C,36.1
1,F3872425T,37.5
1,F4127618P,36.4
0,T0139613G,36.6
0,T0169008F,37.5
0,G4202073R,37.8
1,F3722260R,36.8
0,T1016390J,37.7
1,S1960502G,36.3
0,S4184382I,37.9
1,F9507440P,37.8
1,S1851935F,37.9
1,F3334869W,36.4
1,S5304793I,37.9
1,G8889030L,36.6
0,G4259437R,37.7
1,S4218610D,37.3
0,G1573188P,36.7
0,T0019561H,36.8
1,S4244437E,37.4
0,T1188578J,36.8
1,T0175269C,36.2
1,T2182715J,37.5
1,G1868126U,36.2
0,G6365778Q,36.7
1,T0198749F,36.3
0,F5331735U,36.4
1,S9453273F,36.8
0,F6137471W,37.3
0,T1176395B,36.6
1,F7812265W,37.5
0,G4599892N,37.7
1,G3000351U,37.8
0,T0160806A,37.0
0,F1898393K,36.6
1,F8508868T,36.9
0,T0180893A,36.2
0,S9930478B,37.0
0,T1068374B,36.3
0,T1022160I,37.3
0,F5331591R,36.2
1,T0032557J,37.7
0,S6733975D,37.0
1,G0723682N,37.4
1,T2181284F,36.1
1,F0152146L,36.8
0,T1030194G,37.1
0,S2654918C,36.2
1,S2363131H,36.5
1,G1258575Q,36.9
1,S2965032B,36.8
0,G5597999P,37.4
1,G4636793Q,38.0
1,F4730159U,36.7
0,F6213859U,36.3
1,G2880509T,36.0
1,S1644324G,37.0
0,G8820677X,37.6
1,S8831487E,36.1
1,F2745936Q,37.5
0,S5983535A,36.1
0,G7228079L,36.9
0,F4937086P,36.9
0,T2104106H,36.3
0,T2094018B,36.2
1,S6246525E,36.2
1,S4358282H,37.1
0,S4333349F,37.9
0,T2121262H,36.5
0,G8066605P,36.2
0,T0125175I,37.3
0,T0114846Z,36.4
1,S0337814D,36.1
1,S6021105A,36.9
1,T1162232A,37.8
0,F3105522U,36.3
0,F9121479L,37.7
1,T2190605J,36.8
1,G2959739K,37.2
0,T0149144Z,37.8
1,F3857057U,36.1
1,T2004869G,36.6
0,T0197773C,37.7
1,F1548575L,36.6
1,T0075556G,37.5
1,T1132552A,37.1
1,F4744316N,36.6
0,F1303548L,37.3
0,G1148795P,36.7
0,F5841838L,37.4
1,G2334337K,36.0
0,G0353723N,36.2
0,G4939691X,37.5
0,F3276925W,36.5
1,G4514759L,36.0
0,G6185327T,37.1
1,G9692202R,36.2
0,F6016583K,36.2
0,T0023875I,36.6
0,G9473590N,37.3
0,T1038958E,36.7
1,F8620067T,36.4
0,S1105085I,36.1
0,G2785507P,37.8
0,F1446435L,38.0
0,T1123931E,37.2
0,G7291018N,37.2
0,T0174785A,37.7
1,F0111609Q,36.9
0,F8010078R,37.6
0,G8833442Q,36.6
1,F9058228M,36.1
0,T2006567B,36.1
0,G6854201N,36.5
1,F0361294P,37.3
0,G2542906X,36.4
0,G3201773T,37.8
0,G8740034N,37.7
0,S1924167Z,37.5
1,G7029925U,36.3
0,T2108239B,36.8
0,F6891472T,38.0
1,T1005445A,37.9
0,F9569256R,37.6
1,S2744239J,37.1
1,F3716130Q,37.2
0,F2916929L,36.6
1,T0011000J,37.8
0,T0064467F,36.6
0,S6511343J,36.2
0,S6371793B,37.7
1,S8998423H,37.5
0,S8675391Z,37.7
1,G4267969X,37.3
0,S4717844D,36.2
1,G2240383N,36.2
0,F6148567T,38.0
1,T1135974D,36.7
0,G7390377R,36.6
1,G5439345T,36.4
0,F5011374N,36.3
1,S2645783A,36.8
1,T1049482F,36.0
1,S1309641D,37.3
0,T0136048E,36.9
0,F6399198T,36.0
0,G2381484Q,36.6
1,F2685703K,37.5
1,G4804854N,37.7
0,S1722270H,36.8
1,G9072260M,37.5
1,F7194248K,36.9
0,S4860912J,36.5
1,T1016470B,36.9
0,G5898231T,37.9
1,F8586875Q,37.0
0,S5716812I,36.6
0,G7469984R,37.5
1,G2426848U,36.8
1,T2027399B,37.6
1,S0906075H,36.4
1,F0027243N,37.7
1,F4380844M,36.0
0,T2073515E,36.7
1,T1061155E,36.8
1,S4129113C,37.1
1,F2260922W,36.9
0,F5340528L,36.1
0,F3381440L,36.7
0,T0098035H,36.5
1,G3228400X,36.7
1,T2059671F,37.6
0,S6711717D,38.0
0,G3772573X,37.0
0,S9899595A,36.2
1,G1622684W,36.7
0,T2038248A,37.4
0,T2035255H,36.8
0,S2215163J,37.9
1,S3885484D,37.9
1,T2029028E,37.2
1,F7138326K,37.8
0,F4017894P,37.8
0,F3043939L,36.4
1,S6314347B,37.5
1,T1090945G,36.0
0,G2164653U,37.7
0,G6996750R,36.9
0,G1776866L,36.4
0,G4825662R,37.4
1,F2664122P,36.8
1,T1117534A,36.9
0,S3803203H,36.0
1,S0781885H,37.3
0,G3480636P,38.0
0,T0036038D,36.9
0,F8460907L,37.0
0,F4270638T,36.4
0,T2121200H,36.6
0,G4316349M,37.9
1,T2153475G,36.1
0,T1025809Z,36.5
1,F9756098Q,36.3
0,F9447770X,36.4
1,G6763734T,37.6
0,S8966459D,37.6
0,G4402546U,36.1
0,G4704525T,36.8
1,G3120230L,36.0
1,T0092229C,36.1
0,G2683033T,36.2
0,F2986488T,37.3
1,G0349011N,36.4
0,T2199288G,37.1
0,G7996388R,38.0
1,T1133065G,37.6
0,F5894732Q,36.5
0,F7446458X,37.4
1,T1155262E,37.0
0,S5256800E,36.8
1,G5266211R,37.3
1,F7151601Q,36.6
0,F6055297P,37.6
0,F9264361K,37.4
1,T2019417J,36.8
1,G9611049U,37.0
0,S3631894E,36.7
1,S7034523D,37.6
0,S0629163E,36.9
0,T1144352D,36.5
0,T2037098Z,36.8
1,G6793354X,38.0
0,S8818337A,36.4
1,S7640157H,37.9
1,F6775683P,37.9
0,G8230950X,37.6
1,G4110189W,37.7
1,S3294505H,37.1
1,T0195530F,36.7
1,F1552851Q,36.9
1,G9937543N,36.3
1,G8399696W,36.2
0,G4416169U,37.4
0,G1486289R,36.6
1,T2034373G,37.3
1,G0226548Q,36.2
0,F9492281W,36.9
1,F3610571L,38.0
1,F7142274R,37.2
0,T1113144A,37.1
1,T0080849J,38.0
1,G3051093M,37.2
1,S3896759B,38.0
0,G4331562P,36.5
1,F7066524R,37.3
0,T1061206C,37.6
0,S8100448Z,37.1
1,G9611248M,37.8
1,S8828952H,37.8
0,T1150427B,36.9
1,T2097441I,38.0
0,S2181086Z,36.8
1,G7849048U,36.7
0,G9973851X,37.0
0,G4403998L,36.8
1,G5197002X,37.9
1,T0198551E,36.5
0,F0151877K,37.4
0,G5377105W,37.6
1,S3617530C,38.0
0,T1196899F,36.4
1,T2078533J,37.8
1,S8123023D,36.1
0,G1434027X,36.3
0,T0008264C,36.8
0,T1187738I,37.1
0,G6239376U,37.2
1,F6029074K,37.5
0,S1715992E,37.8
1,T2109400E,36.6
0,G0892829X,37.2
0,S3757758H,36.0
0,G4709896M,37.2
1,S4901362J,37.4
1,S4450223B,37.0
0,T0199937J,36.5
1,S9070027H,37.5
0,S9398551F,37.4
0,F6924107R,37.0
0,G7652224M,36.5
1,S3601754F,38.0
1,S5772201J,37.4
1,F4810905P,36.9
0,S3380368J,37.2
0,F8904133M,37.2
1,F4463008R,37.4
0,S3209836C,37.7
1,F0263163Q,36.6
0,G6094059L,36.8
0,F7667882X,37.9
0,F0780197K,36.0
0,F8079389T,37.8
1,T0121583C,36.7
0,G8572496R,37.5
1,G0688502X,37.0
1,S5587789J,37.2
0,S1736235F,37.8
0,S8120083A,37.4
0,G1754545X,37.2
1,F6056401U,37.3
1,F4555353K,37.2
0,S2479383D,37.2
0,G4001105Q,36.3
1,T2198922C,37.9
1,S5867410I,36.7
1,G4494893K,37.1
1,F1061319K,36.3
1,T2081609J,37.9
0,S3114088I,37.5
0,G8180510P,36.2
1,T2143776Z,37.8
1,F6403537K,37.5
1,G0972344R,37.4
0,S8415895Z,37.2
1,G6181200T,36.3
0,F1604470U,38.0
0,F8611777X,36.0
0,F1076955T,36.7
1,S4872999A,36.5
1,S3886877B,36.8
0,T0184222F,36.6
1,S0361520J,36.7
0,F8129845U,36.5
0,F3352694Q,37.7
0,G3357855P,37.3
0,G0304169R,36.5
1,T1074514D,36.2
0,S7592007E,37.6
0,F6955944K,37.8
1,T0032467A,37.2
0,S3562107E,36.2
1,T2167726D,37.4
1,G2885544M,37.3
0,T2033734F,37.4
1,T1026664E,37.4
0,F8810733X,37.5
0,S0028880B,37.7
1,S5238017J,37.5
0,T2192531D,37.9
1,F4988385N,37.7
1,S2110179F,36.4
1,G9909775L,36.4
0,S8291151J,36.1
1,T1127387D,37.1
1,G8265040R,37.2
1,F1531745X,37.5
1,T2042011A,37.0
0,T1037286J,37.7
0,T0041328C,36.6
0,T1092714E,37.1
0,S5991329H,36.4
0,T0024547Z,36.5
1,S4911705A,36.6
1,S0925254A,37.0
0,G3608279T,36.1
1,S3598661H,37.7
1,T1053160H,36.5
0,S8401986J,37.1
1,F5596806M,36.2
1,S3116561Z,37.6
0,T2149886F,36.5
1,T0159753A,37.6
1,F4892003U,36.4
0,T2004329F,37.8
1,T2111683A,37.4
0,F5567462X,37.5
0,G4396248P,38.0
1,F4402820N,36.7
0,G5837320Q,36.5
0,F2523821N,37.4
0,S7697368G,37.5
1,S5861217J,36.6
1,F8865641P,36.3
1,T1095696Z,36.5
0,T0141325B,37.7
0,T0103356E,36.5
0,G8069233K,36.8
0,G7183712L,37.5
0,G2297257W,36.4
1,T2074227E,37.2
1,T0181866Z,37.9
1,T2036572B,36.7
0,G3822006M,37.1
1,T0050169G,36.7
0,G9006517M,37.6
1,S2574863H,36.7
0,S9339763J,37.8
1,F0440091R,37.7
0,G1498776L,37.6
1,S2736010F,36.6
0,F3014186P,36.3
0,G0953600X,37.0
1,F5492952T,36.4
1,G2220595K,37.4
0,S2053987I,37.4
1,T0117273E,36.9
1,T0068499F,36.3
1,G9882870L,37.8
1,S4929228G,36.8
1,S6924013E,36.9
1,T0140916F,36.8
1,T2041438C,36.0
1,G7594380Q,36.8
0,S8921084D,37.1
1,F0394740T,37.0
0,T1130474E,36.0
0,F8226403P,36.7
0,F0674192N,37.3
0,T2008054Z,37.8
1,G3466874N,36.7
0,G3207804N,37.8
0,T2033880F,36.8
0,T0016715J,37.5
1,G1215653R,36.9
0,G3104345W,37.6
1,S8601986H,37.2
0,T2079022I,36.5
0,T2159157B,36.6
0,F0861976W,37.5
0,T1145219A,37.1
1,S0893672B,36.0
1,F4478849R,36.6
0,S8403000G,37.2
0,F1952296L,37.5
0,G4148003M,37.9
0,T2152009H,37.5
0,T2026677E,36.3
0,F8637841T,36.6
1,F2671846P,37.3
1,F4379818U,36.1
0,T1134667G,37.3
1,S9717426A,36.0
1,F5280367P,37.4
0,S9837926F,36.7
0,G6434793N,37.4
1,S2539600F,37.7
1,G8858086U,37.9
0,T0044114G,36.8
0,F0584588L,36.8
1,S4225820B,36.1
1,T2051945B,37.3
0,F1586449N,36.1
0,S5405690G,36.8
0,T2026629E,37.9
0,F9662232P,37.4
0,F9316063X,37.2
1,F3413953U,37.8
0,G5669632Q,37.0
1,F4072691T,36.6
0,T0052028D,36.8
0,S0409971J,38.0
1,G6791932R,37.8
1,G8901289U,37.0
0,S9109838E,37.5
0,T0022978D,37.0
1,F2715349Q,36.1
0,T1038107Z,36.1
0,F0487666X,37.2
0,S6408482H,36.9
1,G8761773N,36.3
0,G3944707W,37.3
0,G5430220R,36.1
1,S8668139J,36.1
0,S7858077A,36.0
0,G7968043P,36.7
1,F5696354P,36.1
0,T1144731G,36.1
1,S9289415J,37.8
0,F3443372X,37.2
0,S1208625C,37.1
0,S6204767D,37.5
0,T2078391E,37.2
0,F0890213P,36.6
0,G4126467P,36.0
1,S4995903F,36.4
0,G8029315K,37.0
0,T0078902Z,36.8
0,G3810997U,37.3
0,F5857669R,36.3
0,S1107162G,36.7
0,G8161301W,37.5
1,T1045668A,37.0
0,S2856674C,37.2
0,G0466390W,36.6
0,G5576560W,36.6
0,F7669660T,37.4
1,F0752753P,36.5
0,F3932825U,37.1
0,F6927801U,36.4
0,G5071427Q,37.9
1,G7364878P,37.7
1,F4748059X,38.0
1,F0906221K,37.2
1,S5473972I,37.6
1,S0222280I,36.6
1,F1765059U,37.0
0,F3821700M,36.4
0,F6889305N,36.6
1,G5730103K,36.9
0,S8903660G,37.1
0,F6066735R,37.8
1,F3699102W,36.8
1,G7472575U,36.1
0,F2885019X,37.2
0,S0053406D,37.5
1,G9353575T,37.5
0,T0154856E,37.1
1,S0683307A,36.4
1,S9859611I,36.7
1,T0114786B,36.6
0,T0171769C,36.6
0,G8947236U,37.0
0,G5624576Q,36.9
0,S0041375E,36.6
1,F0298392M,36.4
0,G2991913P,37.4
0,G5772915P,37.0
1,G9443192K,37.5
0,S6035020E,37.8
0,T1173161I,36.1
1,G4388238N,36.7
1,T0124580E,37.8
1,G3295692X,36.7
1,G0694009U,37.5
1,F7291475U,37.9
1,T1113018F,38.0
1,F5543267T,36.2
0,T1080965G,36.2
1,T2035191H,37.5
0,T2126017G,37.4
0,T1094110E,37.6
1,F1745207W,37.7
1,F9372417T,37.5
1,T2173066A,37.3
1,T2195671F,36.9
1,S3542646I,37.2
0,S2164812D,37.8
1,S7590239E,36.5
0,F8345871L,37.0
0,F6863188L,36.5
0,T1127308D,36.4
0,T1179340A,36.9
0,F2730374U,36.1
0,S9160631C,36.8
0,S9201748F,37.5
1,S4338370A,36.5
0,S6118877J,36.8
1,T2102903C,37.2
1,S7736624E,36.1
0,F9563303W,37.0
1,F2139399K,37.3
1,T0043901J,36.7
0,G9910231N,37.7
1,T1018678A,38.0
0,S6655698J,37.5
1,S6680208F,38.0
0,G3209962U,37.6
1,F4449096W,37.6
1,T1014092G,37.4
0,T1097642A,37.5
0,T0057672G,36.6
1,F8554140N,36.2
0,G5853961U,36.4
1,G7474144N,38.0
1,S2904352C,36.7
0,T1103652Z,37.4
0,F9475766P,37.7
0,S9810676F,37.8
0,S9616713Z,37.9
0,G9335407U,37.0
0,S8880003F,36.6
1,F9490678N,37.9
0,F5528672T,37.1
1,G6232166X,37.5
0,T2177622Z,36.8
0,S2270529F,36.1
1,F6473803T,36.1
1,T0190932J,37.1
0,G3484742T,36.6
1,G1304400R,36.6
1,G1119562T,36.2
1,T2010539I,37.6
0,G8453979K,37.8
0,G5578810M,36.2
1,T0144647I,37.2
1,T0075409I,36.9
0,S1767287H,37.8
1,F9064891T,37.1
0,F6330881K,37.3
0,S5581559C,37.3
0,G8913228L,36.4
0,F5365273P,36.9
1,G4696614R,36.9
1,S8042171J,36.2
1,T1097553J,37.8
0,S9225058Z,36.6
1,S7377047E,37.7
1,T1171081F,37.0
0,G3428652M,36.2
1,G5421662U,37.5
1,F7742719T,37.1
0,F7708890M,36.6
1,F7618481W,37.5
0,S2650093A,37.3
1,T1103378D,37.6
1,F4469746R,37.4
0,T2182753C,36.8
0,T0079304C,37.5
1,F3413949X,37.6
1,F8360368L,37.0
0,F5707023N,37.8
1,T1167857B,37.9
1,G2073156R,37.5
1,T2044572F,37.4
1,F5520131P,36.3
1,F4626942W,37.0
0,S2648721H,37.7
1,T0130617J,36.8
0,F3585852X,36.6
0,G7248550P,36.6
1,T2191674I,37.9
1,F4875857Q,37.4
0,F6523399K,37.9
1,S1673230C,37.8
1,G9511706Q,37.2
1,S0417095D,36.3
0,F0737455X,36.6
1,S4426391B,36.2
1,F3423623L,37.2
1,G8908953X,36.7
1,S1239954E,37.5
1,S4058938D,36.4
0,T2114190I,36.6
0,T1047981I,37.2
1,F1788124T,37.1
0,G9024809W,37.9
1,F8363459Q,37.1
1,F6074045M,37.7
0,G7331200X,36.6
0,F0529780W,37.8
0,F3061393R,36.6
0,G4977705K,36.2
1,S1859500A,37.2
0,T2156522I,37.2
1,S7423863G,37.1
1,G0890629R,36.2
1,T2050352A,37.4
1,G7198365W,37.8
1,S1544420G,37.5
0,G7920544M,37.5
0,S6277308A,36.5
1,T0070806B,37.2
0,F9971082U,37.1
0,S4827394G,36.2
1,F9217259R,37.2
0,S5507066J,37.7
0,G0932144Q,37.1
0,G9295634L,37.3
0,G7587925M,36.9
0,F2047930L,36.9
0,T1193010G,37.4
0,F3816134L,37.8
1,F7344712R,37.0
1,T0048055Z,38.0
0,T0162406G,36.1
1,F7370158U,36.6
1,G0447024U,36.4
1,S2710439H,36.1
1,T2186303C,37.5
0,G4385245X,36.0
1,G9127840P,37.2
1,S4615249B,36.0
0,G1599238R,37.8
0,S0240413C,36.9
1,G0851460R,36.6
1,S5117323F,37.4
0,F3806996U,37.3
0,T0083275H,36.5
1,F1585044L,36.6
1,T1108166E,36.3
0,T2102647F,36.4
1,S2348335A,37.8
0,T1016683G,36.7
0,F2382777T,37.5
1,T2152879Z,36.5
0,F7613383L,37.4
0,G9219131K,37.0
1,G5828291W,37.9
0,G3187681T,37.9
1,S1443790H,37.5
1,F9265372L,36.9
1,G1902875P,36.4
0,F2041896Q,36.3
1,S3612956E,36.4
1,T1138916C,36.0
1,S7643205H,36.6
1,S8579041B,36.3
1,S8955238I,37.9
0,S8498209A,37.5
0,S0805747H,36.3
0,S8589128F,36.4
0,S1952404C,36.9
1,T1140236D,37.6
1,F8111527M,36.9
1,F9815581M,37.0
0,F4652911K,36.8
0,G1513839N,36.1
1,T0130141A,36.8
0,G0907169P,37.9
1,F6704436M,36.3
0,G0642081T,37.5
0,S2402992A,36.8
1,S0445373E,37.1
1,S6959261I,36.6
0,S2008710B,37.6
1,G4720833P,37.8
1,G4032907L,36.6
0,S9097417C,37.4
1,G2493933L,36.7
1,G6377814K,36.8
0,S1137139F,37.3
1,S4117243F,37.3
0,G7691669K,37.4
1,S6435885E,37.1
0,G0510722U,36.6
1,T2183736I,36.7
1,F3378285M,37.0
0,F7039063U,37.3
0,T1018031G,36.8
1,F4933770K,36.0
1,F8797661X,37.4
1,T2080154I,36.9
1,G6566612W,37.8
0,G6417569Q,37.4
1,S3241902Z,37.9
0,F0053072R,36.5
0,G0495506N,38.0
0,F4107430L,37.5
1,S8598340G,37.6
1,S7891278B,36.7
0,S7312288J,36.1
1,S2800569E,36.4
0,T1043542J,36.9
0,T1050142C,36.5
1,F5862560N,37.6
1,F8072841R,36.2
0,F8171608X,37.1
1,G0907015W,36.4
1,T1194178H,37.7
0,G8113313K,37.2
0,T2086539C,36.9
1,S4114112C,37.7
0,S8027720B,37.5
1,G5685354P,37.5
1,G8787821W,36.9
1,G9315759K,36.6
1,T1060208D,37.4
1,T2105514Z,37.4
1,T0092174B,37.6
1,T1155229C,36.1
1,T2087698J,36.6
1,F0946772Q,36.0
1,S3201675H,37.6
1,S0076240G,36.1
1,G3805909L,36.1
1,S3048835J,37.5
0,T0136564I,36.7
0,S9432623J,36.8
0,S5908575A,37.3
1,G1061315U,36.3
0,S4172720I,36.1
0,S8045387F,37.7
0,T2173359H,37.9
0,G7925218L,36.2
1,F6446012U,36.8
0,S6790521J,37.5
1,G0131221U,36.1
0,T2135047H,36.4
1,S9394526C,37.3
1,T1086970F,36.2
1,G0458328X,37.5
1,G8487658P,36.5
0,F1323573L,37.5
1,G9201055N,37.7
1,G5982874Q,36.5
1,S8526255F,37.0
0,S3985023J,37.0
1,S5131708D,36.1
1,F6750843L,38.0
1,T0064911B,37.2
1,S1477970A,36.8
1,S9351326F,36.6
0,G7479063K,37.5
0,G7773382P,36.1
1,F1296892L,37.2
0,S6925916B,36.7
1,F1477083Q,37.8
1,S7507107H,36.1
1,F1047910W,36.5
0,T0199008Z,36.8
1,T0094560I,37.7
1,S9920551B,36.5
0,T1131369H,37.6
0,F4583365T,37.0
0,F9697824M,36.8
0,G2622113R,37.0
0,G1713031P,37.5
0,F1624400R,36.8
0,G1348915R,37.2
0,F1041690Q,36.7
1,F4670325K,36.7
1,F5273062R,37.3
1,F1775902R,37.3
1,G0328618P,36.5
1,T1028358B,36.2
1,F9724503R,37.0
1,F1218020U,36.8
1,S1421108Z,36.0
1,F3446552P,36.8
1,G6441949T,37.0
0,S3694485D,36.0
1,S3427125I,37.8
1,G9507411K,36.6
1,F1914015Q,37.5
1,G0056148R,36.7
1,F1987250P,37.7
1,T1083156C,37.4
1,S0330417E,36.2
1,T2178337D,37.2
1,S4906635Z,36.8
0,S1399959G,36.5
0,S0032032C,36.2
0,S3768275F,36.4
0,G6938955N,37.9
1,F3159727R,36.5
0,T2198473F,37.7
1,F9893861M,37.0
1,G9535610U,37.9
1,T2140006H,37.8
1,S2310005C,36.2
1,T2141848Z,36.9
0,S6671594I,37.3
1,G7108644P,37.0
0,T2024221C,37.9
1,T1141533D,36.8
0,T0119554I,37.1
1,S8467179G,36.7
1,G7801601U,37.1
0,T0076209A,37.6
0,T1065302I,36.9
1,G5989403W,37.7
1,F1531567U,37.4
0,F6576207L,37.4
1,S9792146F,37.6
0,T0040644I,36.3
0,F1733800P,37.2
1,S6809597B,37.8
0,G4373877K,37.0
0,T2183834I,37.2
1,S0623346E,36.1
1,F6263722Q,36.5
0,G7401184P,36.1
0,F4682545N,36.5
0,G1562252X,37.0
0,F7658748P,37.5
1,S7856963H,36.8
0,S6227805F,36.7
0,G5914650P,37.3
0,S2515536Z,37.4
1,T0146527I,36.9
1,T2131831J,36.9
0,F4597997X,36.8
1,S0411989D,37.9
0,T0123134J,36.9
0,G1982111X,37.0
1,S8367737F,37.4
1,S4665570B,37.3
1,F9122451T,36.7
0,S5891918G,37.3
0,S8163815B,36.0
0,F6620581U,36.6
0,F4405592U,37.6
1,F8643930K,36.9
1,S3525937F,36.3
0,T0028969H,37.8
1,G4027061L,37.6
0,F2520701R,37.6
0,F8495248Q,36.1
0,S0981406Z,36.6
1,F3400697X,37.2
1,T0031230D,37.6
0,T0080112G,37.7
1,S7522530Z,37.4
1,G8232558K,37.8
1,T0102759Z,37.2
1,T0107784H,36.2
1,G7911536M,37.1
0,S7547927A,36.2
0,T2009022G,36.7
0,F3306658U,37.0
1,F1440413U,36.2
1,T0085508A,37.4
0,F8631669L,37.4
1,F6177508X,36.6
0,T2167039A,37.9
0,F5882463K,37.6
1,G8563731L,37.6
1,G1442304N,36.2
1,T0062800Z,37.4
0,S8734926H,37.5
0,T2075634I,36.7
0,F3280363Q,36.9
1,S9657209C,37.7
0,S7425492F,36.7
1,T1113058E,36.6
1,G7335786K,36.3
1,S9610923G,36.5
0,G7837738X,36.3
0,T0113943F,37.6
1,S2613716J,37.1
0,F4590407P,36.5
1,G2223128Q,36.4
1,F4774759R,38.0
0,G5968360T,37.9
1,G3050708T,37.6
0,F4404878R,36.2
0,T0171973D,36.5
0,G5721445R,37.0
1,F9403132W,36.8
0,S6046761G,36.8
1,F6655103L,36.5
0,F8161440R,37.7
1,G4128262L,36.8
0,F2290558U,36.2
1,F0349191U,36.5
0,T1051351J,36.6
1,G8069590W,37.5
0,T1141515F,37.9
0,G8391519Q,37.6
0,T2000993D,36.2
0,G9788367W,37.4
0,G6120213R,36.6
0,T0175153J,36.0
1,S9252325Z,37.5
1,T0147644J,37.6
1,S9644415Z,36.4
1,S4941270C,37.2
0,F3600205X,37.7
1,T2150683D,36.8
0,G1659896T,37.8
1,G6282264M,36.7
0,G2744613L,36.3
1,F7517840U,37.9
0,S2602533H,37.4
1,F1486993W,36.3
0,T0132485C,36.7
0,S9338593D,36.1
1,S6810906Z,37.2
1,F5258400X,37.9
1,T1192871D,37.8
1,G8917645W,37.6
0,F8254788Q,36.5
0,T1150360H,37.2
1,F8875338X,37.8
0,T0085826I,37.9
0,F3178319N,36.4
1,S5780952C,36.1
1,S4858144G,37.8
0,F1937418K,36.5
1,S7445432A,36.2
1,T1054813F,37.5
1,G9646877Q,38.0
0,G7348684W,37.9
1,G3422413R,38.0
0,G0302738N,36.3
0,T0150860A,37.3
0,F5992817K,37.7
0,T0142307Z,36.5
0,T1199114I,37.9
1,T2198065Z,37.9
0,S1678380C,37.2
0,S0856794H,36.4
0,T2196077B,36.6
0,S1999155E,36.3
1,S2970063Z,37.4
1,F4717960L,36.5
1,G6724355L,36.7
0,G4230147R,37.9
1,G9820349N,37.7
0,G1296712T,37.5
1,T0196152G,37.5
1,T2142574E,36.9
0,F9902120U,37.9
1,F1197722R,37.2
0,G1580404K,36.6
1,F3624775N,36.4
0,S8308974A,37.2
1,S2291576B,37.4

